genome	taxonomy	kingdom	phylum	class	order	family	genus	species
SPAdes-MaxBin2Refined-S1.003	d__Bacteria;p__Nitrospirota_A;c__Leptospirillia;o__Leptospirillales;f__Leptospirillaceae;g__Leptospirillum;s__	d__Bacteria	p__Nitrospirota_A	c__Leptospirillia	o__Leptospirillales	f__Leptospirillaceae	g__Leptospirillum	s__
SPAdes-MaxBin2Refined-S1.007_sub	d__Bacteria;p__Nitrospirota_A;c__Leptospirillia;o__Leptospirillales;f__Leptospirillaceae;g__Leptospirillum;s__	d__Bacteria	p__Nitrospirota_A	c__Leptospirillia	o__Leptospirillales	f__Leptospirillaceae	g__Leptospirillum	s__
SPAdes-MaxBin2Refined-S1.010_sub	d__Bacteria;p__Proteobacteria;c__Alphaproteobacteria;o__Acetobacterales;f__Acetobacteraceae;g__Acidiphilium;s__	d__Bacteria	p__Proteobacteria	c__Alphaproteobacteria	o__Acetobacterales	f__Acetobacteraceae	g__Acidiphilium	s__
SPAdes-MaxBin2Refined-S1.012_sub	d__Bacteria;p__Proteobacteria;c__Gammaproteobacteria;o__Burkholderiales;f__Burkholderiaceae;g__Thiomonas;s__Thiomonas delicata	d__Bacteria	p__Proteobacteria	c__Gammaproteobacteria	o__Burkholderiales	f__Burkholderiaceae	g__Thiomonas	s__Thiomonas delicata
SPAdes-MaxBin2Refined-S1.014_sub	d__Bacteria;p__Proteobacteria;c__Alphaproteobacteria;o__Acetobacterales;f__Acetobacteraceae;g__Acidiphilium;s__	d__Bacteria	p__Proteobacteria	c__Alphaproteobacteria	o__Acetobacterales	f__Acetobacteraceae	g__Acidiphilium	s__
SPAdes-MaxBin2Refined-S1.015_sub	d__Bacteria;p__Acidobacteriota;c__Acidobacteriae;o__Acidobacteriales;f__Acidobacteriaceae;g__UBA5172;s__	d__Bacteria	p__Acidobacteriota	c__Acidobacteriae	o__Acidobacteriales	f__Acidobacteriaceae	g__UBA5172	s__
SPAdes-MaxBin2Refined-S2.001	d__Bacteria;p__Firmicutes_E;c__Sulfobacillia;o__;f__;g__;s__	d__Bacteria	p__Firmicutes_E	c__Sulfobacillia	o__	f__	g__	s__
SPAdes-MaxBin2Refined-S2.003	d__Bacteria;p__Actinobacteriota;c__Acidimicrobiia;o__Acidimicrobiales;f__Acidimicrobiaceae;g__SCQM01;s__	d__Bacteria	p__Actinobacteriota	c__Acidimicrobiia	o__Acidimicrobiales	f__Acidimicrobiaceae	g__SCQM01	s__
SPAdes-MaxBin2Refined-S2.005_sub	d__Bacteria;p__Acidobacteriota;c__Acidobacteriae;o__Acidobacteriales;f__Acidobacteriaceae;g__;s__	d__Bacteria	p__Acidobacteriota	c__Acidobacteriae	o__Acidobacteriales	f__Acidobacteriaceae	g__	s__
SPAdes-MaxBin2Refined-S2.010_sub	d__Bacteria;p__Proteobacteria;c__Gammaproteobacteria;o__Steroidobacterales;f__Steroidobacteraceae;g__;s__	d__Bacteria	p__Proteobacteria	c__Gammaproteobacteria	o__Steroidobacterales	f__Steroidobacteraceae	g__	s__
SPAdes-MaxBin2Refined-S2.018_sub	d__Bacteria;p__Actinobacteriota;c__Acidimicrobiia;o__Acidimicrobiales;f__;g__;s__	d__Bacteria	p__Actinobacteriota	c__Acidimicrobiia	o__Acidimicrobiales	f__	g__	s__
SPAdes-MaxBin2Refined-S2.021_sub	d__Bacteria;p__Acidobacteriota;c__Acidobacteriae;o__Acidobacteriales;f__Acidobacteriaceae;g__;s__	d__Bacteria	p__Acidobacteriota	c__Acidobacteriae	o__Acidobacteriales	f__Acidobacteriaceae	g__	s__
SPAdes-MaxBin2Refined-S2.024	d__Bacteria;p__Actinobacteriota;c__Acidimicrobiia;o__Acidimicrobiales;f__RAAP-2;g__RAAP-2;s__	d__Bacteria	p__Actinobacteriota	c__Acidimicrobiia	o__Acidimicrobiales	f__RAAP-2	g__RAAP-2	s__
SPAdes-MaxBin2Refined-S2.025	d__Bacteria;p__Dependentiae;c__Babeliae;o__Babeliales;f__Babeliaceae;g__;s__	d__Bacteria	p__Dependentiae	c__Babeliae	o__Babeliales	f__Babeliaceae	g__	s__
SPAdes-MaxBin2Refined-S2.034_sub	d__Bacteria;p__Actinobacteriota;c__Acidimicrobiia;o__Acidimicrobiales;f__;g__;s__	d__Bacteria	p__Actinobacteriota	c__Acidimicrobiia	o__Acidimicrobiales	f__	g__	s__
SPAdes-MaxBin2Refined-S2.046_sub	d__Bacteria;p__Actinobacteriota;c__Acidimicrobiia;o__Acidimicrobiales;f__QHCF01;g__;s__	d__Bacteria	p__Actinobacteriota	c__Acidimicrobiia	o__Acidimicrobiales	f__QHCF01	g__	s__
SPAdes-MaxBin2Refined-S2.047	d__Bacteria;p__Acidobacteriota;c__Acidobacteriae;o__Acidobacteriales;f__Acidobacteriaceae;g__;s__	d__Bacteria	p__Acidobacteriota	c__Acidobacteriae	o__Acidobacteriales	f__Acidobacteriaceae	g__	s__
SPAdes-MaxBin2Refined-S2.048_sub	d__Bacteria;p__Acidobacteriota;c__Acidobacteriae;o__Acidobacteriales;f__Acidobacteriaceae;g__;s__	d__Bacteria	p__Acidobacteriota	c__Acidobacteriae	o__Acidobacteriales	f__Acidobacteriaceae	g__	s__
SPAdes-MaxBin2Refined-S2.057_sub	d__Bacteria;p__Chloroflexota;c__UBA5177;o__UBA5177;f__UBA5177;g__;s__	d__Bacteria	p__Chloroflexota	c__UBA5177	o__UBA5177	f__UBA5177	g__	s__
SPAdes-MaxBin2Refined-S2.073_sub	d__Bacteria;p__Chloroflexota;c__Ktedonobacteria;o__Ktedonobacterales;f__;g__;s__	d__Bacteria	p__Chloroflexota	c__Ktedonobacteria	o__Ktedonobacterales	f__	g__	s__
SPAdes-MaxBin2Refined-S2.075_sub	d__Bacteria;p__Actinobacteriota;c__Thermoleophilia;o__Gaiellales;f__Gaiellaceae;g__PALSA-600;s__	d__Bacteria	p__Actinobacteriota	c__Thermoleophilia	o__Gaiellales	f__Gaiellaceae	g__PALSA-600	s__
SPAdes-MaxBin2Refined-S2.081_sub	d__Bacteria;p__Proteobacteria;c__Alphaproteobacteria;o__Acetobacterales;f__Acetobacteraceae;g__Palsa-883;s__	d__Bacteria	p__Proteobacteria	c__Alphaproteobacteria	o__Acetobacterales	f__Acetobacteraceae	g__Palsa-883	s__
SPAdes-MaxBin2Refined-S2.085_sub	d__Bacteria;p__Acidobacteriota;c__Acidobacteriae;o__Acidobacteriales;f__Acidobacteriaceae;g__PALSA-350;s__	d__Bacteria	p__Acidobacteriota	c__Acidobacteriae	o__Acidobacteriales	f__Acidobacteriaceae	g__PALSA-350	s__
SPAdes-MaxBin2Refined-S2.086_sub	d__Bacteria;p__Chloroflexota;c__Ktedonobacteria;o__Ktedonobacterales;f__Ktedonobacteraceae;g__CF-113;s__	d__Bacteria	p__Chloroflexota	c__Ktedonobacteria	o__Ktedonobacterales	f__Ktedonobacteraceae	g__CF-113	s__
SPAdes-MaxBin2Refined-S2.097_sub	d__Bacteria;p__Actinobacteriota;c__Acidimicrobiia;o__Acidimicrobiales;f__Palsa-688;g__;s__	d__Bacteria	p__Actinobacteriota	c__Acidimicrobiia	o__Acidimicrobiales	f__Palsa-688	g__	s__
SPAdes-MaxBin2Refined-S3.001	d__Bacteria;p__Firmicutes_E;c__Sulfobacillia;o__;f__;g__;s__	d__Bacteria	p__Firmicutes_E	c__Sulfobacillia	o__	f__	g__	s__
SPAdes-MaxBin2Refined-S3.004_sub	d__Bacteria;p__Actinobacteriota;c__Acidimicrobiia;o__Acidimicrobiales;f__Acidimicrobiaceae;g__SCQM01;s__	d__Bacteria	p__Actinobacteriota	c__Acidimicrobiia	o__Acidimicrobiales	f__Acidimicrobiaceae	g__SCQM01	s__
SPAdes-MaxBin2Refined-S3.005	d__Bacteria;p__Proteobacteria;c__Gammaproteobacteria;o__Xanthomonadales;f__Rhodanobacteraceae;g__Metallibacterium;s__	d__Bacteria	p__Proteobacteria	c__Gammaproteobacteria	o__Xanthomonadales	f__Rhodanobacteraceae	g__Metallibacterium	s__
SPAdes-MaxBin2Refined-S3.007_sub	d__Bacteria;p__Actinobacteriota;c__Actinomycetia;o__Mycobacteriales;f__CAJCIY01;g__;s__	d__Bacteria	p__Actinobacteriota	c__Actinomycetia	o__Mycobacteriales	f__CAJCIY01	g__	s__
SPAdes-MaxBin2Refined-S3.019_sub	d__Bacteria;p__Actinobacteriota;c__Acidimicrobiia;o__Acidimicrobiales;f__;g__;s__	d__Bacteria	p__Actinobacteriota	c__Acidimicrobiia	o__Acidimicrobiales	f__	g__	s__
SPAdes-MaxBin2Refined-S3.023_sub	d__Bacteria;p__Acidobacteriota;c__Acidobacteriae;o__Acidobacteriales;f__Acidobacteriaceae;g__;s__	d__Bacteria	p__Acidobacteriota	c__Acidobacteriae	o__Acidobacteriales	f__Acidobacteriaceae	g__	s__
SPAdes-MaxBin2Refined-S3.026	d__Bacteria;p__Dependentiae;c__Babeliae;o__Babeliales;f__Babeliaceae;g__;s__	d__Bacteria	p__Dependentiae	c__Babeliae	o__Babeliales	f__Babeliaceae	g__	s__
SPAdes-MaxBin2Refined-S3.027	d__Bacteria;p__Actinobacteriota;c__Acidimicrobiia;o__Acidimicrobiales;f__RAAP-2;g__RAAP-2;s__	d__Bacteria	p__Actinobacteriota	c__Acidimicrobiia	o__Acidimicrobiales	f__RAAP-2	g__RAAP-2	s__
SPAdes-MaxBin2Refined-S3.044_sub	d__Bacteria;p__Desulfobacterota_B;c__Binatia;o__Binatales;f__Binataceae;g__;s__	d__Bacteria	p__Desulfobacterota_B	c__Binatia	o__Binatales	f__Binataceae	g__	s__
SPAdes-MaxBin2Refined-S3.048	d__Bacteria;p__Acidobacteriota;c__Acidobacteriae;o__Acidobacteriales;f__Acidobacteriaceae;g__;s__	d__Bacteria	p__Acidobacteriota	c__Acidobacteriae	o__Acidobacteriales	f__Acidobacteriaceae	g__	s__
SPAdes-MaxBin2Refined-S3.055_sub	d__Bacteria;p__Actinobacteriota;c__Acidimicrobiia;o__Acidimicrobiales;f__Palsa-688;g__;s__	d__Bacteria	p__Actinobacteriota	c__Acidimicrobiia	o__Acidimicrobiales	f__Palsa-688	g__	s__
SPAdes-MaxBin2Refined-S3.059_sub	d__Bacteria;p__Chloroflexota;c__Ktedonobacteria;o__Ktedonobacterales;f__;g__;s__	d__Bacteria	p__Chloroflexota	c__Ktedonobacteria	o__Ktedonobacterales	f__	g__	s__
SPAdes-MaxBin2Refined-S3.060_sub	d__Bacteria;p__Chloroflexota;c__UBA5177;o__UBA5177;f__UBA5177;g__;s__	d__Bacteria	p__Chloroflexota	c__UBA5177	o__UBA5177	f__UBA5177	g__	s__
SPAdes-MaxBin2Refined-S3.074_sub	d__Bacteria;p__Chloroflexota;c__Ktedonobacteria;o__Ktedonobacterales;f__;g__;s__	d__Bacteria	p__Chloroflexota	c__Ktedonobacteria	o__Ktedonobacterales	f__	g__	s__
SPAdes-MaxBin2Refined-S3.080	d__Bacteria;p__Actinobacteriota;c__Thermoleophilia;o__Gaiellales;f__Gaiellaceae;g__PALSA-600;s__	d__Bacteria	p__Actinobacteriota	c__Thermoleophilia	o__Gaiellales	f__Gaiellaceae	g__PALSA-600	s__
SPAdes-MaxBin2Refined-S3.090_sub	d__Bacteria;p__Acidobacteriota;c__Acidobacteriae;o__Acidobacteriales;f__Acidobacteriaceae;g__PALSA-350;s__	d__Bacteria	p__Acidobacteriota	c__Acidobacteriae	o__Acidobacteriales	f__Acidobacteriaceae	g__PALSA-350	s__
SPAdes-MaxBin2Refined-S3.100_sub	d__Bacteria;p__Actinobacteriota;c__Acidimicrobiia;o__Acidimicrobiales;f__Bog-793;g__Palsa-601;s__	d__Bacteria	p__Actinobacteriota	c__Acidimicrobiia	o__Acidimicrobiales	f__Bog-793	g__Palsa-601	s__
SPAdes-MaxBin2Refined-S3.104_sub	d__Bacteria;p__Actinobacteriota;c__Actinomycetia;o__Actinomycetales;f__Microbacteriaceae;g__;s__	d__Bacteria	p__Actinobacteriota	c__Actinomycetia	o__Actinomycetales	f__Microbacteriaceae	g__	s__
SPAdes-MaxBin2Refined-S3.105_sub	d__Bacteria;p__Patescibacteria;c__Saccharimonadia;o__Saccharimonadales;f__UBA4665;g__UBA6224;s__	d__Bacteria	p__Patescibacteria	c__Saccharimonadia	o__Saccharimonadales	f__UBA4665	g__UBA6224	s__
SPAdes-MaxBin2Refined-S3.122_sub	d__Bacteria;p__Chloroflexota;c__Ktedonobacteria;o__Ktedonobacterales;f__;g__;s__	d__Bacteria	p__Chloroflexota	c__Ktedonobacteria	o__Ktedonobacterales	f__	g__	s__
SPAdes-MaxBin2Refined-S7.008_sub	d__Bacteria;p__Proteobacteria;c__Gammaproteobacteria;o__Acidithiobacillales;f__Acidithiobacillaceae;g__Acidithiobacillus;s__	d__Bacteria	p__Proteobacteria	c__Gammaproteobacteria	o__Acidithiobacillales	f__Acidithiobacillaceae	g__Acidithiobacillus	s__
SPAdes-MaxBin2Refined-S7.009	d__Bacteria;p__Nitrospirota_A;c__Leptospirillia;o__Leptospirillales;f__Leptospirillaceae;g__UBA4572;s__	d__Bacteria	p__Nitrospirota_A	c__Leptospirillia	o__Leptospirillales	f__Leptospirillaceae	g__UBA4572	s__
SPAdes-MaxBin2Refined-S7.024	d__Bacteria;p__Actinobacteriota;c__Acidimicrobiia;o__Acidimicrobiales;f__RAAP-2;g__RAAP-2;s__	d__Bacteria	p__Actinobacteriota	c__Acidimicrobiia	o__Acidimicrobiales	f__RAAP-2	g__RAAP-2	s__
SPAdes-MaxBin2Refined-S7.025	d__Bacteria;p__Proteobacteria;c__Alphaproteobacteria;o__ATCC43930;f__Stellaceae;g__;s__	d__Bacteria	p__Proteobacteria	c__Alphaproteobacteria	o__ATCC43930	f__Stellaceae	g__	s__
SPAdes-MaxBin2Refined-S7.027	d__Bacteria;p__Acidobacteriota;c__Acidobacteriae;o__Acidobacteriales;f__Acidobacteriaceae;g__;s__	d__Bacteria	p__Acidobacteriota	c__Acidobacteriae	o__Acidobacteriales	f__Acidobacteriaceae	g__	s__
SPAdes-MaxBin2Refined-S7.029	d__Bacteria;p__Proteobacteria;c__Gammaproteobacteria;o__Burkholderiales;f__Sulfuriferulaceae;g__UBA2487;s__	d__Bacteria	p__Proteobacteria	c__Gammaproteobacteria	o__Burkholderiales	f__Sulfuriferulaceae	g__UBA2487	s__
SPAdes-MaxBin2Refined-S7.033_sub	d__Bacteria;p__Actinobacteriota;c__Acidimicrobiia;o__Acidimicrobiales;f__;g__;s__	d__Bacteria	p__Actinobacteriota	c__Acidimicrobiia	o__Acidimicrobiales	f__	g__	s__
SPAdes-MaxBin2Refined-S7.035	d__Bacteria;p__Actinobacteriota;c__Acidimicrobiia;o__Acidimicrobiales;f__Bog-793;g__;s__	d__Bacteria	p__Actinobacteriota	c__Acidimicrobiia	o__Acidimicrobiales	f__Bog-793	g__	s__
SPAdes-MaxBin2Refined-S7.041	d__Bacteria;p__Proteobacteria;c__Gammaproteobacteria;o__Burkholderiales;f__Sulfuriferulaceae;g__UBA2487;s__	d__Bacteria	p__Proteobacteria	c__Gammaproteobacteria	o__Burkholderiales	f__Sulfuriferulaceae	g__UBA2487	s__
SPAdes-MaxBin2Refined-S7.044	d__Bacteria;p__Desulfobacterota_B;c__Binatia;o__Binatales;f__Binataceae;g__;s__	d__Bacteria	p__Desulfobacterota_B	c__Binatia	o__Binatales	f__Binataceae	g__	s__
SPAdes-MaxBin2Refined-S7.048_sub	d__Bacteria;p__Acidobacteriota;c__Acidobacteriae;o__Acidobacteriales;f__Acidobacteriaceae;g__;s__	d__Bacteria	p__Acidobacteriota	c__Acidobacteriae	o__Acidobacteriales	f__Acidobacteriaceae	g__	s__
SPAdes-MaxBin2Refined-S7.052_sub	d__Bacteria;p__Proteobacteria;c__Alphaproteobacteria;o__Rhizobiales;f__Beijerinckiaceae;g__Methylovirgula;s__	d__Bacteria	p__Proteobacteria	c__Alphaproteobacteria	o__Rhizobiales	f__Beijerinckiaceae	g__Methylovirgula	s__
SPAdes-MaxBin2Refined-S7.059_sub	d__Bacteria;p__Actinobacteriota;c__Acidimicrobiia;o__Acidimicrobiales;f__Acidimicrobiaceae;g__SCQM01;s__	d__Bacteria	p__Actinobacteriota	c__Acidimicrobiia	o__Acidimicrobiales	f__Acidimicrobiaceae	g__SCQM01	s__
SPAdes-MaxBin2Refined-S7.065_sub	d__Bacteria;p__Acidobacteriota;c__Acidobacteriae;o__Acidobacteriales;f__Acidobacteriaceae;g__;s__	d__Bacteria	p__Acidobacteriota	c__Acidobacteriae	o__Acidobacteriales	f__Acidobacteriaceae	g__	s__
SPAdes-MaxBin2Refined-S7.068_sub	d__Bacteria;p__Proteobacteria;c__Alphaproteobacteria;o__Rhizobiales;f__Beijerinckiaceae;g__Methylovirgula;s__	d__Bacteria	p__Proteobacteria	c__Alphaproteobacteria	o__Rhizobiales	f__Beijerinckiaceae	g__Methylovirgula	s__
SPAdes-MaxBin2Refined-S7.069_sub	d__Bacteria;p__Chlamydiota;c__Chlamydiia;o__Chlamydiales;f__Rhabdochlamydiaceae;g__CAJCHM01;s__	d__Bacteria	p__Chlamydiota	c__Chlamydiia	o__Chlamydiales	f__Rhabdochlamydiaceae	g__CAJCHM01	s__
SPAdes-MaxBin2Refined-S7.070_sub	d__Bacteria;p__Proteobacteria;c__Alphaproteobacteria;o__Acetobacterales;f__Acetobacteraceae;g__Palsa-883;s__	d__Bacteria	p__Proteobacteria	c__Alphaproteobacteria	o__Acetobacterales	f__Acetobacteraceae	g__Palsa-883	s__
SPAdes-MaxBin2Refined-S7.071_sub	d__Bacteria;p__Nitrospirota_A;c__Leptospirillia;o__Leptospirillales;f__Leptospirillaceae;g__Leptospirillum_A;s__	d__Bacteria	p__Nitrospirota_A	c__Leptospirillia	o__Leptospirillales	f__Leptospirillaceae	g__Leptospirillum_A	s__
SPAdes-MaxBin2Refined-S7.072_sub	d__Bacteria;p__Acidobacteriota;c__Acidobacteriae;o__Acidobacteriales;f__Acidobacteriaceae;g__Terracidiphilus;s__	d__Bacteria	p__Acidobacteriota	c__Acidobacteriae	o__Acidobacteriales	f__Acidobacteriaceae	g__Terracidiphilus	s__
SPAdes-MaxBin2Refined-S7.081	d__Bacteria;p__Nitrospirota_A;c__Leptospirillia;o__Leptospirillales;f__Leptospirillaceae;g__;s__	d__Bacteria	p__Nitrospirota_A	c__Leptospirillia	o__Leptospirillales	f__Leptospirillaceae	g__	s__
SPAdes-MaxBin2Refined-S7.082_sub	d__Bacteria;p__Nitrospirota_A;c__Leptospirillia;o__Leptospirillales;f__Leptospirillaceae;g__;s__	d__Bacteria	p__Nitrospirota_A	c__Leptospirillia	o__Leptospirillales	f__Leptospirillaceae	g__	s__
SPAdes-MaxBin2Refined-S7.104_sub	d__Bacteria;p__Actinobacteriota;c__Acidimicrobiia;o__Acidimicrobiales;f__RAAP-2;g__RAAP-2;s__	d__Bacteria	p__Actinobacteriota	c__Acidimicrobiia	o__Acidimicrobiales	f__RAAP-2	g__RAAP-2	s__
SPAdes-MaxBin2Refined-S7.110_sub	d__Bacteria;p__Proteobacteria;c__Gammaproteobacteria;o__Competibacterales;f__;g__;s__	d__Bacteria	p__Proteobacteria	c__Gammaproteobacteria	o__Competibacterales	f__	g__	s__
SPAdes-MaxBin2Refined-S15.001_sub	d__Bacteria;p__Nitrospirota_A;c__Leptospirillia;o__Leptospirillales;f__Leptospirillaceae;g__;s__	d__Bacteria	p__Nitrospirota_A	c__Leptospirillia	o__Leptospirillales	f__Leptospirillaceae	g__	s__
SPAdes-MaxBin2Refined-S15.004_sub	d__Bacteria;p__Acidobacteriota;c__Acidobacteriae;o__Acidobacteriales;f__Acidobacteriaceae;g__Acidisarcina;s__	d__Bacteria	p__Acidobacteriota	c__Acidobacteriae	o__Acidobacteriales	f__Acidobacteriaceae	g__Acidisarcina	s__
SPAdes-MaxBin2Refined-S15.010	d__Bacteria;p__Proteobacteria;c__Gammaproteobacteria;o__Acidiferrobacterales;f__Acidiferrobacteraceae;g__Acidiferrobacter;s__	d__Bacteria	p__Proteobacteria	c__Gammaproteobacteria	o__Acidiferrobacterales	f__Acidiferrobacteraceae	g__Acidiferrobacter	s__
SPAdes-MaxBin2Refined-S15.019_sub	d__Bacteria;p__Proteobacteria;c__Alphaproteobacteria;o__Acetobacterales;f__Acetobacteraceae;g__Palsa-883;s__	d__Bacteria	p__Proteobacteria	c__Alphaproteobacteria	o__Acetobacterales	f__Acetobacteraceae	g__Palsa-883	s__
SPAdes-MaxBin2Refined-S15.021_sub	d__Bacteria;p__Acidobacteriota;c__Acidobacteriae;o__Acidobacteriales;f__Acidobacteriaceae;g__;s__	d__Bacteria	p__Acidobacteriota	c__Acidobacteriae	o__Acidobacteriales	f__Acidobacteriaceae	g__	s__
SPAdes-MaxBin2Refined-S15.026_sub	d__Bacteria;p__Acidobacteriota;c__Acidobacteriae;o__Acidobacteriales;f__Acidobacteriaceae;g__;s__	d__Bacteria	p__Acidobacteriota	c__Acidobacteriae	o__Acidobacteriales	f__Acidobacteriaceae	g__	s__
SPAdes-MaxBin2Refined-S15.033_sub	d__Bacteria;p__Proteobacteria;c__Alphaproteobacteria;o__Rhizobiales;f__Beijerinckiaceae;g__Methylovirgula;s__	d__Bacteria	p__Proteobacteria	c__Alphaproteobacteria	o__Rhizobiales	f__Beijerinckiaceae	g__Methylovirgula	s__
SPAdes-MaxBin2Refined-S15.034_sub	d__Bacteria;p__Actinobacteriota;c__Actinomycetia;o__Mycobacteriales;f__CAJCIY01;g__;s__	d__Bacteria	p__Actinobacteriota	c__Actinomycetia	o__Mycobacteriales	f__CAJCIY01	g__	s__
SPAdes-MaxBin2Refined-S15.037_sub	d__Bacteria;p__Acidobacteriota;c__Acidobacteriae;o__Acidobacteriales;f__Acidobacteriaceae;g__;s__	d__Bacteria	p__Acidobacteriota	c__Acidobacteriae	o__Acidobacteriales	f__Acidobacteriaceae	g__	s__
SPAdes-MaxBin2Refined-S15.043_sub	d__Bacteria;p__Nitrospirota_A;c__Leptospirillia;o__Leptospirillales;f__Leptospirillaceae;g__;s__	d__Bacteria	p__Nitrospirota_A	c__Leptospirillia	o__Leptospirillales	f__Leptospirillaceae	g__	s__
SPAdes-MaxBin2Refined-S15.057_sub	d__Bacteria;p__Proteobacteria;c__Alphaproteobacteria;o__Acetobacterales;f__Acetobacteraceae;g__Rhodopila;s__	d__Bacteria	p__Proteobacteria	c__Alphaproteobacteria	o__Acetobacterales	f__Acetobacteraceae	g__Rhodopila	s__
SPAdes-MaxBin2Refined-S15.064_sub	d__Bacteria;p__Proteobacteria;c__Gammaproteobacteria;o__Pseudomonadales;f__Moraxellaceae;g__Acinetobacter;s__Acinetobacter johnsonii	d__Bacteria	p__Proteobacteria	c__Gammaproteobacteria	o__Pseudomonadales	f__Moraxellaceae	g__Acinetobacter	s__Acinetobacter johnsonii
SPAdes-MaxBin2Refined-S15.065_sub	d__Bacteria;p__Proteobacteria;c__Alphaproteobacteria;o__Sphingomonadales;f__Sphingomonadaceae;g__Sphingobium;s__Sphingobium yanoikuyae	d__Bacteria	p__Proteobacteria	c__Alphaproteobacteria	o__Sphingomonadales	f__Sphingomonadaceae	g__Sphingobium	s__Sphingobium yanoikuyae
SPAdes-MaxBin2Refined-S17.001	d__Bacteria;p__Firmicutes_E;c__Sulfobacillia;o__;f__;g__;s__	d__Bacteria	p__Firmicutes_E	c__Sulfobacillia	o__	f__	g__	s__
SPAdes-MaxBin2Refined-S17.004_sub	d__Bacteria;p__Actinobacteriota;c__Acidimicrobiia;o__Acidimicrobiales;f__Acidimicrobiaceae;g__SCQM01;s__	d__Bacteria	p__Actinobacteriota	c__Acidimicrobiia	o__Acidimicrobiales	f__Acidimicrobiaceae	g__SCQM01	s__
SPAdes-MaxBin2Refined-S17.005	d__Bacteria;p__Proteobacteria;c__Gammaproteobacteria;o__Xanthomonadales;f__Rhodanobacteraceae;g__Metallibacterium;s__	d__Bacteria	p__Proteobacteria	c__Gammaproteobacteria	o__Xanthomonadales	f__Rhodanobacteraceae	g__Metallibacterium	s__
SPAdes-MaxBin2Refined-S17.006_sub	d__Bacteria;p__Acidobacteriota;c__Acidobacteriae;o__Acidobacteriales;f__Acidobacteriaceae;g__;s__	d__Bacteria	p__Acidobacteriota	c__Acidobacteriae	o__Acidobacteriales	f__Acidobacteriaceae	g__	s__
SPAdes-MaxBin2Refined-S17.014_sub	d__Bacteria;p__Proteobacteria;c__Gammaproteobacteria;o__Steroidobacterales;f__Steroidobacteraceae;g__;s__	d__Bacteria	p__Proteobacteria	c__Gammaproteobacteria	o__Steroidobacterales	f__Steroidobacteraceae	g__	s__
SPAdes-MaxBin2Refined-S17.020	d__Bacteria;p__Chloroflexota;c__Ktedonobacteria;o__Ktedonobacterales;f__;g__;s__	d__Bacteria	p__Chloroflexota	c__Ktedonobacteria	o__Ktedonobacterales	f__	g__	s__
SPAdes-MaxBin2Refined-S17.021_sub	d__Bacteria;p__Actinobacteriota;c__Acidimicrobiia;o__Acidimicrobiales;f__;g__;s__	d__Bacteria	p__Actinobacteriota	c__Acidimicrobiia	o__Acidimicrobiales	f__	g__	s__
SPAdes-MaxBin2Refined-S17.027	d__Bacteria;p__Dependentiae;c__Babeliae;o__Babeliales;f__Babeliaceae;g__;s__	d__Bacteria	p__Dependentiae	c__Babeliae	o__Babeliales	f__Babeliaceae	g__	s__
SPAdes-MaxBin2Refined-S17.028	d__Bacteria;p__Actinobacteriota;c__Acidimicrobiia;o__Acidimicrobiales;f__RAAP-2;g__RAAP-2;s__	d__Bacteria	p__Actinobacteriota	c__Acidimicrobiia	o__Acidimicrobiales	f__RAAP-2	g__RAAP-2	s__
SPAdes-MaxBin2Refined-S17.039_sub	d__Bacteria;p__Actinobacteriota;c__Acidimicrobiia;o__Acidimicrobiales;f__;g__;s__	d__Bacteria	p__Actinobacteriota	c__Acidimicrobiia	o__Acidimicrobiales	f__	g__	s__
SPAdes-MaxBin2Refined-S17.041	d__Bacteria;p__Planctomycetota;c__Planctomycetes;o__Isosphaerales;f__Isosphaeraceae;g__;s__	d__Bacteria	p__Planctomycetota	c__Planctomycetes	o__Isosphaerales	f__Isosphaeraceae	g__	s__
SPAdes-MaxBin2Refined-S17.063_sub	d__Bacteria;p__Actinobacteriota;c__Acidimicrobiia;o__Acidimicrobiales;f__Palsa-688;g__;s__	d__Bacteria	p__Actinobacteriota	c__Acidimicrobiia	o__Acidimicrobiales	f__Palsa-688	g__	s__
SPAdes-MaxBin2Refined-S17.066_sub	d__Bacteria;p__Actinobacteriota;c__Acidimicrobiia;o__Acidimicrobiales;f__RAAP-2;g__PALSA-457;s__	d__Bacteria	p__Actinobacteriota	c__Acidimicrobiia	o__Acidimicrobiales	f__RAAP-2	g__PALSA-457	s__
SPAdes-MaxBin2Refined-S17.067_sub	d__Bacteria;p__Chloroflexota;c__UBA5177;o__UBA5177;f__UBA5177;g__;s__	d__Bacteria	p__Chloroflexota	c__UBA5177	o__UBA5177	f__UBA5177	g__	s__
SPAdes-MaxBin2Refined-S17.069	d__Bacteria;p__Desulfobacterota_B;c__Binatia;o__Binatales;f__Binataceae;g__;s__	d__Bacteria	p__Desulfobacterota_B	c__Binatia	o__Binatales	f__Binataceae	g__	s__
SPAdes-MaxBin2Refined-S17.079_sub	d__Bacteria;p__Proteobacteria;c__Alphaproteobacteria;o__Acetobacterales;f__Acetobacteraceae;g__Palsa-883;s__	d__Bacteria	p__Proteobacteria	c__Alphaproteobacteria	o__Acetobacterales	f__Acetobacteraceae	g__Palsa-883	s__
SPAdes-MaxBin2Refined-S17.091_sub	d__Bacteria;p__Actinobacteriota;c__Acidimicrobiia;o__Acidimicrobiales;f__RAAP-2;g__;s__	d__Bacteria	p__Actinobacteriota	c__Acidimicrobiia	o__Acidimicrobiales	f__RAAP-2	g__	s__
SPAdes-MaxBin2Refined-S17.092	d__Bacteria;p__Actinobacteriota;c__Acidimicrobiia;o__Acidimicrobiales;f__RAAP-2;g__RAAP-2;s__	d__Bacteria	p__Actinobacteriota	c__Acidimicrobiia	o__Acidimicrobiales	f__RAAP-2	g__RAAP-2	s__
SPAdes-MaxBin2Refined-S17.096_sub	d__Bacteria;p__Actinobacteriota;c__Acidimicrobiia;o__Acidimicrobiales;f__Acidimicrobiaceae;g__;s__	d__Bacteria	p__Actinobacteriota	c__Acidimicrobiia	o__Acidimicrobiales	f__Acidimicrobiaceae	g__	s__
SPAdes-MaxBin2Refined-S17.099_sub	d__Bacteria;p__Planctomycetota;c__Planctomycetes;o__Gemmatales;f__Gemmataceae;g__;s__	d__Bacteria	p__Planctomycetota	c__Planctomycetes	o__Gemmatales	f__Gemmataceae	g__	s__
SPAdes-MaxBin2Refined-S17.101	d__Bacteria;p__Chloroflexota;c__Ktedonobacteria;o__Ktedonobacterales;f__;g__;s__	d__Bacteria	p__Chloroflexota	c__Ktedonobacteria	o__Ktedonobacterales	f__	g__	s__
SPAdes-MaxBin2Refined-S17.119_sub	d__Bacteria;p__Patescibacteria;c__Saccharimonadia;o__Saccharimonadales;f__UBA4665;g__UBA6224;s__	d__Bacteria	p__Patescibacteria	c__Saccharimonadia	o__Saccharimonadales	f__UBA4665	g__UBA6224	s__
SPAdes-MaxBin2Refined-S17.133_sub	d__Bacteria;p__Planctomycetota;c__Planctomycetes;o__Isosphaerales;f__Isosphaeraceae;g__;s__	d__Bacteria	p__Planctomycetota	c__Planctomycetes	o__Isosphaerales	f__Isosphaeraceae	g__	s__
SPAdes-MaxBin2Refined-S17.135_sub	d__Bacteria;p__Planctomycetota;c__Planctomycetes;o__Gemmatales;f__Gemmataceae;g__;s__	d__Bacteria	p__Planctomycetota	c__Planctomycetes	o__Gemmatales	f__Gemmataceae	g__	s__
SPAdes-MaxBin2Refined-S17.158	d__Bacteria;p__Dependentiae;c__Babeliae;o__Babeliales;f__Vermiphilaceae;g__;s__	d__Bacteria	p__Dependentiae	c__Babeliae	o__Babeliales	f__Vermiphilaceae	g__	s__
SPAdes-MetaBAT2Refined-S1.10	d__Bacteria;p__Proteobacteria;c__Alphaproteobacteria;o__Rickettsiales;f__Midichloriaceae;g__Jidaibacter;s__	d__Bacteria	p__Proteobacteria	c__Alphaproteobacteria	o__Rickettsiales	f__Midichloriaceae	g__Jidaibacter	s__
SPAdes-MetaBAT2Refined-S1.19	d__Bacteria;p__Proteobacteria;c__Gammaproteobacteria;o__Burkholderiales;f__JABEVD01;g__JABEVD01;s__	d__Bacteria	p__Proteobacteria	c__Gammaproteobacteria	o__Burkholderiales	f__JABEVD01	g__JABEVD01	s__
SPAdes-MetaBAT2Refined-S1.20	d__Bacteria;p__Proteobacteria;c__Gammaproteobacteria;o__Burkholderiales;f__Gallionellaceae;g__Gallionella;s__Gallionella sp013043965	d__Bacteria	p__Proteobacteria	c__Gammaproteobacteria	o__Burkholderiales	f__Gallionellaceae	g__Gallionella	s__Gallionella sp013043965
SPAdes-MetaBAT2Refined-S1.29	d__Bacteria;p__Proteobacteria;c__Gammaproteobacteria;o__Burkholderiales;f__Sulfuriferulaceae;g__;s__	d__Bacteria	p__Proteobacteria	c__Gammaproteobacteria	o__Burkholderiales	f__Sulfuriferulaceae	g__	s__
SPAdes-MetaBAT2Refined-S1.30	d__Bacteria;p__Acidobacteriota;c__Acidobacteriae;o__Acidobacteriales;f__Acidobacteriaceae;g__CAIVDV01;s__	d__Bacteria	p__Acidobacteriota	c__Acidobacteriae	o__Acidobacteriales	f__Acidobacteriaceae	g__CAIVDV01	s__
SPAdes-MetaBAT2Refined-S1.33	d__Bacteria;p__Proteobacteria;c__Alphaproteobacteria;o__Rhizobiales;f__Beijerinckiaceae;g__Methylovirgula;s__	d__Bacteria	p__Proteobacteria	c__Alphaproteobacteria	o__Rhizobiales	f__Beijerinckiaceae	g__Methylovirgula	s__
SPAdes-MetaBAT2Refined-S1.34	d__Bacteria;p__Proteobacteria;c__Gammaproteobacteria;o__Burkholderiales;f__Gallionellaceae;g__Gallionella;s__	d__Bacteria	p__Proteobacteria	c__Gammaproteobacteria	o__Burkholderiales	f__Gallionellaceae	g__Gallionella	s__
SPAdes-MetaBAT2Refined-S1.35	d__Bacteria;p__Proteobacteria;c__Gammaproteobacteria;o__Burkholderiales;f__Sulfuriferulaceae;g__UBA2487;s__	d__Bacteria	p__Proteobacteria	c__Gammaproteobacteria	o__Burkholderiales	f__Sulfuriferulaceae	g__UBA2487	s__
SPAdes-MetaBAT2Refined-S2.100_sub	d__Bacteria;p__Proteobacteria;c__Alphaproteobacteria;o__ATCC43930;f__Stellaceae;g__;s__	d__Bacteria	p__Proteobacteria	c__Alphaproteobacteria	o__ATCC43930	f__Stellaceae	g__	s__
SPAdes-MetaBAT2Refined-S2.101_sub	d__Bacteria;p__Desulfobacterota_B;c__Binatia;o__Binatales;f__Binataceae;g__;s__	d__Bacteria	p__Desulfobacterota_B	c__Binatia	o__Binatales	f__Binataceae	g__	s__
SPAdes-MetaBAT2Refined-S2.102_sub	d__Bacteria;p__Actinobacteriota;c__Acidimicrobiia;o__Acidimicrobiales;f__Acidimicrobiaceae;g__SCQM01;s__	d__Bacteria	p__Actinobacteriota	c__Acidimicrobiia	o__Acidimicrobiales	f__Acidimicrobiaceae	g__SCQM01	s__
SPAdes-MetaBAT2Refined-S2.103	d__Bacteria;p__Actinobacteriota;c__Actinomycetia;o__Mycobacteriales;f__QHCA01;g__;s__	d__Bacteria	p__Actinobacteriota	c__Actinomycetia	o__Mycobacteriales	f__QHCA01	g__	s__
SPAdes-MetaBAT2Refined-S2.104	d__Bacteria;p__Actinobacteriota;c__Thermoleophilia;o__Gaiellales;f__Gaiellaceae;g__Palsa-739;s__	d__Bacteria	p__Actinobacteriota	c__Thermoleophilia	o__Gaiellales	f__Gaiellaceae	g__Palsa-739	s__
SPAdes-MetaBAT2Refined-S2.108	d__Bacteria;p__Eremiobacterota;c__Eremiobacteria;o__Baltobacterales;f__Baltobacteraceae;g__;s__	d__Bacteria	p__Eremiobacterota	c__Eremiobacteria	o__Baltobacterales	f__Baltobacteraceae	g__	s__
SPAdes-MetaBAT2Refined-S2.112	d__Bacteria;p__Eremiobacterota;c__Eremiobacteria;o__Baltobacterales;f__Baltobacteraceae;g__JABEUX01;s__	d__Bacteria	p__Eremiobacterota	c__Eremiobacteria	o__Baltobacterales	f__Baltobacteraceae	g__JABEUX01	s__
SPAdes-MetaBAT2Refined-S2.121	d__Bacteria;p__Actinobacteriota;c__Acidimicrobiia;o__Acidimicrobiales;f__Palsa-688;g__;s__	d__Bacteria	p__Actinobacteriota	c__Acidimicrobiia	o__Acidimicrobiales	f__Palsa-688	g__	s__
SPAdes-MetaBAT2Refined-S2.122_sub	d__Bacteria;p__Actinobacteriota;c__Acidimicrobiia;o__Acidimicrobiales;f__Bog-793;g__;s__	d__Bacteria	p__Actinobacteriota	c__Acidimicrobiia	o__Acidimicrobiales	f__Bog-793	g__	s__
SPAdes-MetaBAT2Refined-S2.123	d__Bacteria;p__Actinobacteriota;c__Acidimicrobiia;o__Acidimicrobiales;f__Palsa-688;g__;s__	d__Bacteria	p__Actinobacteriota	c__Acidimicrobiia	o__Acidimicrobiales	f__Palsa-688	g__	s__
SPAdes-MetaBAT2Refined-S2.129	d__Bacteria;p__Actinobacteriota;c__Acidimicrobiia;o__Acidimicrobiales;f__Bog-793;g__Palsa-601;s__	d__Bacteria	p__Actinobacteriota	c__Acidimicrobiia	o__Acidimicrobiales	f__Bog-793	g__Palsa-601	s__
SPAdes-MetaBAT2Refined-S2.132_sub	d__Bacteria;p__Actinobacteriota;c__Thermoleophilia;o__Solirubrobacterales;f__Solirubrobacteraceae;g__Palsa-465;s__	d__Bacteria	p__Actinobacteriota	c__Thermoleophilia	o__Solirubrobacterales	f__Solirubrobacteraceae	g__Palsa-465	s__
SPAdes-MetaBAT2Refined-S2.134_sub	d__Bacteria;p__Acidobacteriota;c__Acidobacteriae;o__Acidobacteriales;f__Acidobacteriaceae;g__;s__	d__Bacteria	p__Acidobacteriota	c__Acidobacteriae	o__Acidobacteriales	f__Acidobacteriaceae	g__	s__
SPAdes-MetaBAT2Refined-S2.135_sub	d__Bacteria;p__Actinobacteriota;c__Actinomycetia;o__Mycobacteriales;f__Jatrophihabitantaceae;g__;s__	d__Bacteria	p__Actinobacteriota	c__Actinomycetia	o__Mycobacteriales	f__Jatrophihabitantaceae	g__	s__
SPAdes-MetaBAT2Refined-S2.136_sub	d__Bacteria;p__Actinobacteriota;c__Actinomycetia;o__Streptosporangiales;f__Streptosporangiaceae;g__UBA9676;s__	d__Bacteria	p__Actinobacteriota	c__Actinomycetia	o__Streptosporangiales	f__Streptosporangiaceae	g__UBA9676	s__
SPAdes-MetaBAT2Refined-S2.138	d__Bacteria;p__Chloroflexota;c__Ktedonobacteria;o__Ktedonobacterales;f__;g__;s__	d__Bacteria	p__Chloroflexota	c__Ktedonobacteria	o__Ktedonobacterales	f__	g__	s__
SPAdes-MetaBAT2Refined-S2.143	d__Bacteria;p__Cyanobacteria;c__Sericytochromatia;o__S15B-MN24;f__;g__;s__	d__Bacteria	p__Cyanobacteria	c__Sericytochromatia	o__S15B-MN24	f__	g__	s__
SPAdes-MetaBAT2Refined-S2.150	d__Bacteria;p__Proteobacteria;c__Gammaproteobacteria;o__Steroidobacterales;f__Steroidobacteraceae;g__;s__	d__Bacteria	p__Proteobacteria	c__Gammaproteobacteria	o__Steroidobacterales	f__Steroidobacteraceae	g__	s__
SPAdes-MetaBAT2Refined-S2.151_sub	d__Bacteria;p__Dormibacterota;c__Dormibacteria;o__UBA8260;f__Bog-877;g__AG-12;s__	d__Bacteria	p__Dormibacterota	c__Dormibacteria	o__UBA8260	f__Bog-877	g__AG-12	s__
SPAdes-MetaBAT2Refined-S2.152_sub	d__Bacteria;p__Actinobacteriota;c__Acidimicrobiia;o__Acidimicrobiales;f__Palsa-688;g__;s__	d__Bacteria	p__Actinobacteriota	c__Acidimicrobiia	o__Acidimicrobiales	f__Palsa-688	g__	s__
SPAdes-MetaBAT2Refined-S2.153_sub	d__Bacteria;p__Nitrospirota_A;c__Leptospirillia;o__Leptospirillales;f__Leptospirillaceae;g__;s__	d__Bacteria	p__Nitrospirota_A	c__Leptospirillia	o__Leptospirillales	f__Leptospirillaceae	g__	s__
SPAdes-MetaBAT2Refined-S2.155	d__Bacteria;p__Chloroflexota;c__Ellin6529;o__CSP1-4;f__CSP1-4;g__;s__	d__Bacteria	p__Chloroflexota	c__Ellin6529	o__CSP1-4	f__CSP1-4	g__	s__
SPAdes-MetaBAT2Refined-S2.158	d__Bacteria;p__Actinobacteriota;c__Actinomycetia;o__Mycobacteriales;f__;g__;s__	d__Bacteria	p__Actinobacteriota	c__Actinomycetia	o__Mycobacteriales	f__	g__	s__
SPAdes-MetaBAT2Refined-S2.2_sub	d__Bacteria;p__Proteobacteria;c__Gammaproteobacteria;o__Burkholderiales;f__Burkholderiaceae;g__Thiomonas;s__Thiomonas delicata	d__Bacteria	p__Proteobacteria	c__Gammaproteobacteria	o__Burkholderiales	f__Burkholderiaceae	g__Thiomonas	s__Thiomonas delicata
SPAdes-MetaBAT2Refined-S2.21	d__Bacteria;p__Chloroflexota;c__Ktedonobacteria;o__Ktedonobacterales;f__;g__;s__	d__Bacteria	p__Chloroflexota	c__Ktedonobacteria	o__Ktedonobacterales	f__	g__	s__
SPAdes-MetaBAT2Refined-S2.29_sub	d__Bacteria;p__Actinobacteriota;c__Acidimicrobiia;o__Acidimicrobiales;f__Palsa-688;g__;s__	d__Bacteria	p__Actinobacteriota	c__Acidimicrobiia	o__Acidimicrobiales	f__Palsa-688	g__	s__
SPAdes-MetaBAT2Refined-S2.30	d__Bacteria;p__Planctomycetota;c__Planctomycetes;o__Isosphaerales;f__Isosphaeraceae;g__;s__	d__Bacteria	p__Planctomycetota	c__Planctomycetes	o__Isosphaerales	f__Isosphaeraceae	g__	s__
SPAdes-MetaBAT2Refined-S2.34	d__Bacteria;p__Planctomycetota;c__Planctomycetes;o__Isosphaerales;f__Isosphaeraceae;g__;s__	d__Bacteria	p__Planctomycetota	c__Planctomycetes	o__Isosphaerales	f__Isosphaeraceae	g__	s__
SPAdes-MetaBAT2Refined-S2.35	d__Bacteria;p__Actinobacteriota;c__Actinomycetia;o__Mycobacteriales;f__SCTD01;g__;s__	d__Bacteria	p__Actinobacteriota	c__Actinomycetia	o__Mycobacteriales	f__SCTD01	g__	s__
SPAdes-MetaBAT2Refined-S2.37	d__Bacteria;p__Proteobacteria;c__Gammaproteobacteria;o__Xanthomonadales;f__Rhodanobacteraceae;g__Metallibacterium;s__	d__Bacteria	p__Proteobacteria	c__Gammaproteobacteria	o__Xanthomonadales	f__Rhodanobacteraceae	g__Metallibacterium	s__
SPAdes-MetaBAT2Refined-S2.39_sub	d__Bacteria;p__Actinobacteriota;c__Actinomycetia;o__Mycobacteriales;f__;g__;s__	d__Bacteria	p__Actinobacteriota	c__Actinomycetia	o__Mycobacteriales	f__	g__	s__
SPAdes-MetaBAT2Refined-S2.40	d__Bacteria;p__Chloroflexota;c__UBA4733;o__UBA4733;f__UBA4733;g__UBA4733;s__	d__Bacteria	p__Chloroflexota	c__UBA4733	o__UBA4733	f__UBA4733	g__UBA4733	s__
SPAdes-MetaBAT2Refined-S2.46	d__Bacteria;p__Dormibacterota;c__Dormibacteria;o__Dormibacterales;f__Dormibacteraceae;g__;s__	d__Bacteria	p__Dormibacterota	c__Dormibacteria	o__Dormibacterales	f__Dormibacteraceae	g__	s__
SPAdes-MetaBAT2Refined-S2.47	d__Bacteria;p__Desulfobacterota_B;c__Binatia;o__Binatales;f__Binataceae;g__;s__	d__Bacteria	p__Desulfobacterota_B	c__Binatia	o__Binatales	f__Binataceae	g__	s__
SPAdes-MetaBAT2Refined-S2.51_sub	d__Bacteria;p__Actinobacteriota;c__Actinomycetia;o__Mycobacteriales;f__CAJCIY01;g__;s__	d__Bacteria	p__Actinobacteriota	c__Actinomycetia	o__Mycobacteriales	f__CAJCIY01	g__	s__
SPAdes-MetaBAT2Refined-S2.52_sub	d__Bacteria;p__Proteobacteria;c__Alphaproteobacteria;o__Acetobacterales;f__Acetobacteraceae;g__;s__	d__Bacteria	p__Proteobacteria	c__Alphaproteobacteria	o__Acetobacterales	f__Acetobacteraceae	g__	s__
SPAdes-MetaBAT2Refined-S2.54	d__Bacteria;p__Acidobacteriota;c__Acidobacteriae;o__Acidobacteriales;f__Acidobacteriaceae;g__;s__	d__Bacteria	p__Acidobacteriota	c__Acidobacteriae	o__Acidobacteriales	f__Acidobacteriaceae	g__	s__
SPAdes-MetaBAT2Refined-S2.55	d__Bacteria;p__Actinobacteriota;c__Acidimicrobiia;o__Acidimicrobiales;f__RAAP-2;g__PALSA-457;s__	d__Bacteria	p__Actinobacteriota	c__Acidimicrobiia	o__Acidimicrobiales	f__RAAP-2	g__PALSA-457	s__
SPAdes-MetaBAT2Refined-S2.56	d__Bacteria;p__Acidobacteriota;c__Acidobacteriae;o__Acidobacteriales;f__SCQP01;g__;s__	d__Bacteria	p__Acidobacteriota	c__Acidobacteriae	o__Acidobacteriales	f__SCQP01	g__	s__
SPAdes-MetaBAT2Refined-S2.58_sub	d__Bacteria;p__Planctomycetota;c__Planctomycetes;o__Gemmatales;f__Gemmataceae;g__;s__	d__Bacteria	p__Planctomycetota	c__Planctomycetes	o__Gemmatales	f__Gemmataceae	g__	s__
SPAdes-MetaBAT2Refined-S2.59	d__Bacteria;p__Acidobacteriota;c__Acidobacteriae;o__Acidobacteriales;f__Acidobacteriaceae;g__Terracidiphilus;s__	d__Bacteria	p__Acidobacteriota	c__Acidobacteriae	o__Acidobacteriales	f__Acidobacteriaceae	g__Terracidiphilus	s__
SPAdes-MetaBAT2Refined-S2.6	d__Bacteria;p__Actinobacteriota;c__Actinomycetia;o__Mycobacteriales;f__;g__;s__	d__Bacteria	p__Actinobacteriota	c__Actinomycetia	o__Mycobacteriales	f__	g__	s__
SPAdes-MetaBAT2Refined-S2.60	d__Bacteria;p__Actinobacteriota;c__Actinomycetia;o__Mycobacteriales;f__SCTD01;g__;s__	d__Bacteria	p__Actinobacteriota	c__Actinomycetia	o__Mycobacteriales	f__SCTD01	g__	s__
SPAdes-MetaBAT2Refined-S2.61	d__Bacteria;p__Actinobacteriota;c__Actinomycetia;o__Actinomycetales;f__Microbacteriaceae;g__;s__	d__Bacteria	p__Actinobacteriota	c__Actinomycetia	o__Actinomycetales	f__Microbacteriaceae	g__	s__
SPAdes-MetaBAT2Refined-S2.63_sub	d__Bacteria;p__Nitrospirota_A;c__Leptospirillia;o__Leptospirillales;f__Leptospirillaceae;g__Leptospirillum_A;s__	d__Bacteria	p__Nitrospirota_A	c__Leptospirillia	o__Leptospirillales	f__Leptospirillaceae	g__Leptospirillum_A	s__
SPAdes-MetaBAT2Refined-S2.64	d__Bacteria;p__Actinobacteriota;c__Acidimicrobiia;o__Acidimicrobiales;f__;g__;s__	d__Bacteria	p__Actinobacteriota	c__Acidimicrobiia	o__Acidimicrobiales	f__	g__	s__
SPAdes-MetaBAT2Refined-S2.67_sub	d__Bacteria;p__Actinobacteriota;c__Acidimicrobiia;o__Acidimicrobiales;f__RAAP-2;g__PALSA-457;s__	d__Bacteria	p__Actinobacteriota	c__Acidimicrobiia	o__Acidimicrobiales	f__RAAP-2	g__PALSA-457	s__
SPAdes-MetaBAT2Refined-S2.7_sub	d__Bacteria;p__Actinobacteriota;c__Acidimicrobiia;o__Acidimicrobiales;f__Palsa-688;g__;s__	d__Bacteria	p__Actinobacteriota	c__Acidimicrobiia	o__Acidimicrobiales	f__Palsa-688	g__	s__
SPAdes-MetaBAT2Refined-S2.71	d__Bacteria;p__Proteobacteria;c__Gammaproteobacteria;o__Acidiferrobacterales;f__Acidiferrobacteraceae;g__;s__	d__Bacteria	p__Proteobacteria	c__Gammaproteobacteria	o__Acidiferrobacterales	f__Acidiferrobacteraceae	g__	s__
SPAdes-MetaBAT2Refined-S2.73	d__Bacteria;p__Actinobacteriota;c__Acidimicrobiia;o__Acidimicrobiales;f__Palsa-688;g__WQVT01;s__	d__Bacteria	p__Actinobacteriota	c__Acidimicrobiia	o__Acidimicrobiales	f__Palsa-688	g__WQVT01	s__
SPAdes-MetaBAT2Refined-S2.78	d__Bacteria;p__Actinobacteriota;c__Acidimicrobiia;o__Acidimicrobiales;f__RAAP-2;g__RAAP-2;s__	d__Bacteria	p__Actinobacteriota	c__Acidimicrobiia	o__Acidimicrobiales	f__RAAP-2	g__RAAP-2	s__
SPAdes-MetaBAT2Refined-S2.80_sub	d__Bacteria;p__Chloroflexota;c__Chloroflexia;o__Thermomicrobiales;f__Thermomicrobiaceae;g__Sphaerobacter;s__	d__Bacteria	p__Chloroflexota	c__Chloroflexia	o__Thermomicrobiales	f__Thermomicrobiaceae	g__Sphaerobacter	s__
SPAdes-MetaBAT2Refined-S2.85	d__Bacteria;p__Actinobacteriota;c__Thermoleophilia;o__Solirubrobacterales;f__Solirubrobacteraceae;g__Palsa-465;s__	d__Bacteria	p__Actinobacteriota	c__Thermoleophilia	o__Solirubrobacterales	f__Solirubrobacteraceae	g__Palsa-465	s__
SPAdes-MetaBAT2Refined-S2.86	d__Bacteria;p__Acidobacteriota;c__Acidobacteriae;o__Acidobacteriales;f__Acidobacteriaceae;g__;s__	d__Bacteria	p__Acidobacteriota	c__Acidobacteriae	o__Acidobacteriales	f__Acidobacteriaceae	g__	s__
SPAdes-MetaBAT2Refined-S2.87_sub	d__Bacteria;p__Acidobacteriota;c__Acidobacteriae;o__Acidobacteriales;f__Acidobacteriaceae;g__;s__	d__Bacteria	p__Acidobacteriota	c__Acidobacteriae	o__Acidobacteriales	f__Acidobacteriaceae	g__	s__
SPAdes-MetaBAT2Refined-S2.9	d__Bacteria;p__Actinobacteriota;c__Actinomycetia;o__Mycobacteriales;f__Pseudonocardiaceae;g__Pseudonocardia;s__	d__Bacteria	p__Actinobacteriota	c__Actinomycetia	o__Mycobacteriales	f__Pseudonocardiaceae	g__Pseudonocardia	s__
SPAdes-MetaBAT2Refined-S2.90	d__Bacteria;p__Proteobacteria;c__Gammaproteobacteria;o__Acidiferrobacterales;f__Acidiferrobacteraceae;g__;s__	d__Bacteria	p__Proteobacteria	c__Gammaproteobacteria	o__Acidiferrobacterales	f__Acidiferrobacteraceae	g__	s__
SPAdes-MetaBAT2Refined-S2.93_sub	d__Bacteria;p__Chloroflexota;c__Ktedonobacteria;o__Ktedonobacterales;f__;g__;s__	d__Bacteria	p__Chloroflexota	c__Ktedonobacteria	o__Ktedonobacterales	f__	g__	s__
SPAdes-MetaBAT2Refined-S2.94	d__Bacteria;p__Acidobacteriota;c__Acidobacteriae;o__Acidobacteriales;f__Acidobacteriaceae;g__;s__	d__Bacteria	p__Acidobacteriota	c__Acidobacteriae	o__Acidobacteriales	f__Acidobacteriaceae	g__	s__
SPAdes-MetaBAT2Refined-S2.95_sub	d__Bacteria;p__Actinobacteriota;c__Thermoleophilia;o__Solirubrobacterales;f__Solirubrobacteraceae;g__Palsa-465;s__	d__Bacteria	p__Actinobacteriota	c__Thermoleophilia	o__Solirubrobacterales	f__Solirubrobacteraceae	g__Palsa-465	s__
SPAdes-MetaBAT2Refined-S2.99	d__Bacteria;p__Proteobacteria;c__Alphaproteobacteria;o__Acetobacterales;f__Acetobacteraceae;g__Palsa-883;s__	d__Bacteria	p__Proteobacteria	c__Alphaproteobacteria	o__Acetobacterales	f__Acetobacteraceae	g__Palsa-883	s__
SPAdes-MetaBAT2Refined-S3.10_sub	d__Bacteria;p__Acidobacteriota;c__Acidobacteriae;o__Acidobacteriales;f__Acidobacteriaceae;g__;s__	d__Bacteria	p__Acidobacteriota	c__Acidobacteriae	o__Acidobacteriales	f__Acidobacteriaceae	g__	s__
SPAdes-MetaBAT2Refined-S3.101	d__Bacteria;p__Chloroflexota;c__UBA4733;o__UBA4733;f__UBA4733;g__UBA4733;s__	d__Bacteria	p__Chloroflexota	c__UBA4733	o__UBA4733	f__UBA4733	g__UBA4733	s__
SPAdes-MetaBAT2Refined-S3.102_sub	d__Bacteria;p__Actinobacteriota;c__Acidimicrobiia;o__Acidimicrobiales;f__Palsa-688;g__;s__	d__Bacteria	p__Actinobacteriota	c__Acidimicrobiia	o__Acidimicrobiales	f__Palsa-688	g__	s__
SPAdes-MetaBAT2Refined-S3.104_sub	d__Bacteria;p__Actinobacteriota;c__Thermoleophilia;o__Solirubrobacterales;f__Solirubrobacteraceae;g__Palsa-465;s__	d__Bacteria	p__Actinobacteriota	c__Thermoleophilia	o__Solirubrobacterales	f__Solirubrobacteraceae	g__Palsa-465	s__
SPAdes-MetaBAT2Refined-S3.107_sub	d__Bacteria;p__Acidobacteriota;c__Acidobacteriae;o__Acidobacteriales;f__Acidobacteriaceae;g__;s__	d__Bacteria	p__Acidobacteriota	c__Acidobacteriae	o__Acidobacteriales	f__Acidobacteriaceae	g__	s__
SPAdes-MetaBAT2Refined-S3.109	d__Bacteria;p__Chloroflexota;c__Ktedonobacteria;o__Ktedonobacterales;f__Ktedonobacteraceae;g__CF-113;s__	d__Bacteria	p__Chloroflexota	c__Ktedonobacteria	o__Ktedonobacterales	f__Ktedonobacteraceae	g__CF-113	s__
SPAdes-MetaBAT2Refined-S3.110	d__Bacteria;p__Planctomycetota;c__Planctomycetes;o__Isosphaerales;f__Isosphaeraceae;g__;s__	d__Bacteria	p__Planctomycetota	c__Planctomycetes	o__Isosphaerales	f__Isosphaeraceae	g__	s__
SPAdes-MetaBAT2Refined-S3.114_sub	d__Bacteria;p__Proteobacteria;c__Gammaproteobacteria;o__Burkholderiales;f__Burkholderiaceae;g__Thiomonas;s__Thiomonas delicata	d__Bacteria	p__Proteobacteria	c__Gammaproteobacteria	o__Burkholderiales	f__Burkholderiaceae	g__Thiomonas	s__Thiomonas delicata
SPAdes-MetaBAT2Refined-S3.121_sub	d__Bacteria;p__Actinobacteriota;c__Thermoleophilia;o__Gaiellales;f__Gaiellaceae;g__Palsa-739;s__	d__Bacteria	p__Actinobacteriota	c__Thermoleophilia	o__Gaiellales	f__Gaiellaceae	g__Palsa-739	s__
SPAdes-MetaBAT2Refined-S3.124	d__Bacteria;p__Actinobacteriota;c__Actinomycetia;o__Mycobacteriales;f__;g__;s__	d__Bacteria	p__Actinobacteriota	c__Actinomycetia	o__Mycobacteriales	f__	g__	s__
SPAdes-MetaBAT2Refined-S3.126	d__Bacteria;p__Nitrospirota_A;c__Leptospirillia;o__Leptospirillales;f__Leptospirillaceae;g__Leptospirillum_A;s__	d__Bacteria	p__Nitrospirota_A	c__Leptospirillia	o__Leptospirillales	f__Leptospirillaceae	g__Leptospirillum_A	s__
SPAdes-MetaBAT2Refined-S3.128	d__Bacteria;p__Dormibacterota;c__Dormibacteria;o__UBA8260;f__Bog-877;g__AG-12;s__	d__Bacteria	p__Dormibacterota	c__Dormibacteria	o__UBA8260	f__Bog-877	g__AG-12	s__
SPAdes-MetaBAT2Refined-S3.129	d__Bacteria;p__Eremiobacterota;c__Eremiobacteria;o__Baltobacterales;f__Baltobacteraceae;g__JABEUX01;s__	d__Bacteria	p__Eremiobacterota	c__Eremiobacteria	o__Baltobacterales	f__Baltobacteraceae	g__JABEUX01	s__
SPAdes-MetaBAT2Refined-S3.133	d__Bacteria;p__Dormibacterota;c__Dormibacteria;o__Dormibacterales;f__Dormibacteraceae;g__;s__	d__Bacteria	p__Dormibacterota	c__Dormibacteria	o__Dormibacterales	f__Dormibacteraceae	g__	s__
SPAdes-MetaBAT2Refined-S3.137_sub	d__Bacteria;p__Acidobacteriota;c__Acidobacteriae;o__Acidobacteriales;f__Acidobacteriaceae;g__;s__	d__Bacteria	p__Acidobacteriota	c__Acidobacteriae	o__Acidobacteriales	f__Acidobacteriaceae	g__	s__
SPAdes-MetaBAT2Refined-S3.14	d__Bacteria;p__Actinobacteriota;c__Acidimicrobiia;o__Acidimicrobiales;f__Palsa-688;g__;s__	d__Bacteria	p__Actinobacteriota	c__Acidimicrobiia	o__Acidimicrobiales	f__Palsa-688	g__	s__
SPAdes-MetaBAT2Refined-S3.140	d__Bacteria;p__Actinobacteriota;c__Actinomycetia;o__Mycobacteriales;f__QHCA01;g__;s__	d__Bacteria	p__Actinobacteriota	c__Actinomycetia	o__Mycobacteriales	f__QHCA01	g__	s__
SPAdes-MetaBAT2Refined-S3.141	d__Bacteria;p__Nitrospirota_A;c__Leptospirillia;o__Leptospirillales;f__Leptospirillaceae;g__;s__	d__Bacteria	p__Nitrospirota_A	c__Leptospirillia	o__Leptospirillales	f__Leptospirillaceae	g__	s__
SPAdes-MetaBAT2Refined-S3.142	d__Bacteria;p__Actinobacteriota;c__Acidimicrobiia;o__Acidimicrobiales;f__;g__;s__	d__Bacteria	p__Actinobacteriota	c__Acidimicrobiia	o__Acidimicrobiales	f__	g__	s__
SPAdes-MetaBAT2Refined-S3.143	d__Bacteria;p__Proteobacteria;c__Gammaproteobacteria;o__Acidiferrobacterales;f__Acidiferrobacteraceae;g__;s__	d__Bacteria	p__Proteobacteria	c__Gammaproteobacteria	o__Acidiferrobacterales	f__Acidiferrobacteraceae	g__	s__
SPAdes-MetaBAT2Refined-S3.144	d__Bacteria;p__Chloroflexota;c__Ellin6529;o__CSP1-4;f__CSP1-4;g__;s__	d__Bacteria	p__Chloroflexota	c__Ellin6529	o__CSP1-4	f__CSP1-4	g__	s__
SPAdes-MetaBAT2Refined-S3.145_sub	d__Bacteria;p__Actinobacteriota;c__Acidimicrobiia;o__Acidimicrobiales;f__Palsa-688;g__;s__	d__Bacteria	p__Actinobacteriota	c__Acidimicrobiia	o__Acidimicrobiales	f__Palsa-688	g__	s__
SPAdes-MetaBAT2Refined-S3.148	d__Bacteria;p__Actinobacteriota;c__Acidimicrobiia;o__Acidimicrobiales;f__Palsa-688;g__;s__	d__Bacteria	p__Actinobacteriota	c__Acidimicrobiia	o__Acidimicrobiales	f__Palsa-688	g__	s__
SPAdes-MetaBAT2Refined-S3.149	d__Bacteria;p__Chloroflexota;c__Ktedonobacteria;o__Ktedonobacterales;f__;g__;s__	d__Bacteria	p__Chloroflexota	c__Ktedonobacteria	o__Ktedonobacterales	f__	g__	s__
SPAdes-MetaBAT2Refined-S3.150_sub	d__Bacteria;p__Acidobacteriota;c__Acidobacteriae;o__Acidobacteriales;f__Acidobacteriaceae;g__;s__	d__Bacteria	p__Acidobacteriota	c__Acidobacteriae	o__Acidobacteriales	f__Acidobacteriaceae	g__	s__
SPAdes-MetaBAT2Refined-S3.152	d__Bacteria;p__Actinobacteriota;c__Actinomycetia;o__Streptosporangiales;f__Streptosporangiaceae;g__UBA9676;s__	d__Bacteria	p__Actinobacteriota	c__Actinomycetia	o__Streptosporangiales	f__Streptosporangiaceae	g__UBA9676	s__
SPAdes-MetaBAT2Refined-S3.153	d__Bacteria;p__Planctomycetota;c__Planctomycetes;o__Isosphaerales;f__Isosphaeraceae;g__;s__	d__Bacteria	p__Planctomycetota	c__Planctomycetes	o__Isosphaerales	f__Isosphaeraceae	g__	s__
SPAdes-MetaBAT2Refined-S3.156	d__Bacteria;p__Actinobacteriota;c__Thermoleophilia;o__Solirubrobacterales;f__Solirubrobacteraceae;g__Palsa-465;s__	d__Bacteria	p__Actinobacteriota	c__Thermoleophilia	o__Solirubrobacterales	f__Solirubrobacteraceae	g__Palsa-465	s__
SPAdes-MetaBAT2Refined-S3.159_sub	d__Bacteria;p__Nitrospirota_A;c__Leptospirillia;o__Leptospirillales;f__Leptospirillaceae;g__;s__	d__Bacteria	p__Nitrospirota_A	c__Leptospirillia	o__Leptospirillales	f__Leptospirillaceae	g__	s__
SPAdes-MetaBAT2Refined-S3.160	d__Bacteria;p__Proteobacteria;c__Alphaproteobacteria;o__Acetobacterales;f__Acetobacteraceae;g__Palsa-883;s__	d__Bacteria	p__Proteobacteria	c__Alphaproteobacteria	o__Acetobacterales	f__Acetobacteraceae	g__Palsa-883	s__
SPAdes-MetaBAT2Refined-S3.161	d__Bacteria;p__Chloroflexota;c__Ktedonobacteria;o__Ktedonobacterales;f__;g__;s__	d__Bacteria	p__Chloroflexota	c__Ktedonobacteria	o__Ktedonobacterales	f__	g__	s__
SPAdes-MetaBAT2Refined-S3.162_sub	d__Bacteria;p__Actinobacteriota;c__Thermoleophilia;o__Solirubrobacterales;f__Solirubrobacteraceae;g__Palsa-465;s__	d__Bacteria	p__Actinobacteriota	c__Thermoleophilia	o__Solirubrobacterales	f__Solirubrobacteraceae	g__Palsa-465	s__
SPAdes-MetaBAT2Refined-S3.18_sub	d__Bacteria;p__Acidobacteriota;c__Acidobacteriae;o__Acidobacteriales;f__Acidobacteriaceae;g__Terracidiphilus;s__	d__Bacteria	p__Acidobacteriota	c__Acidobacteriae	o__Acidobacteriales	f__Acidobacteriaceae	g__Terracidiphilus	s__
SPAdes-MetaBAT2Refined-S3.19_sub	d__Bacteria;p__Actinobacteriota;c__Acidimicrobiia;o__Acidimicrobiales;f__Palsa-688;g__;s__	d__Bacteria	p__Actinobacteriota	c__Acidimicrobiia	o__Acidimicrobiales	f__Palsa-688	g__	s__
SPAdes-MetaBAT2Refined-S3.20_sub	d__Bacteria;p__Acidobacteriota;c__Acidobacteriae;o__Acidobacteriales;f__Acidobacteriaceae;g__;s__	d__Bacteria	p__Acidobacteriota	c__Acidobacteriae	o__Acidobacteriales	f__Acidobacteriaceae	g__	s__
SPAdes-MetaBAT2Refined-S3.24	d__Bacteria;p__Actinobacteriota;c__Acidimicrobiia;o__Acidimicrobiales;f__RAAP-2;g__PALSA-457;s__	d__Bacteria	p__Actinobacteriota	c__Acidimicrobiia	o__Acidimicrobiales	f__RAAP-2	g__PALSA-457	s__
SPAdes-MetaBAT2Refined-S3.26	d__Bacteria;p__Proteobacteria;c__Gammaproteobacteria;o__Steroidobacterales;f__Steroidobacteraceae;g__;s__	d__Bacteria	p__Proteobacteria	c__Gammaproteobacteria	o__Steroidobacterales	f__Steroidobacteraceae	g__	s__
SPAdes-MetaBAT2Refined-S3.32_sub	d__Bacteria;p__Actinobacteriota;c__Actinomycetia;o__Mycobacteriales;f__Jatrophihabitantaceae;g__QHCC01;s__	d__Bacteria	p__Actinobacteriota	c__Actinomycetia	o__Mycobacteriales	f__Jatrophihabitantaceae	g__QHCC01	s__
SPAdes-MetaBAT2Refined-S3.36	d__Bacteria;p__Proteobacteria;c__Gammaproteobacteria;o__Acidiferrobacterales;f__Acidiferrobacteraceae;g__;s__	d__Bacteria	p__Proteobacteria	c__Gammaproteobacteria	o__Acidiferrobacterales	f__Acidiferrobacteraceae	g__	s__
SPAdes-MetaBAT2Refined-S3.40	d__Bacteria;p__Actinobacteriota;c__Actinomycetia;o__Mycobacteriales;f__;g__;s__	d__Bacteria	p__Actinobacteriota	c__Actinomycetia	o__Mycobacteriales	f__	g__	s__
SPAdes-MetaBAT2Refined-S3.41_sub	d__Bacteria;p__Chloroflexota;c__UBA5177;o__UBA5177;f__UBA5177;g__;s__	d__Bacteria	p__Chloroflexota	c__UBA5177	o__UBA5177	f__UBA5177	g__	s__
SPAdes-MetaBAT2Refined-S3.47_sub	d__Bacteria;p__Actinobacteriota;c__Acidimicrobiia;o__Acidimicrobiales;f__Bog-793;g__;s__	d__Bacteria	p__Actinobacteriota	c__Acidimicrobiia	o__Acidimicrobiales	f__Bog-793	g__	s__
SPAdes-MetaBAT2Refined-S3.50_sub	d__Bacteria;p__Proteobacteria;c__Gammaproteobacteria;o__Steroidobacterales;f__Steroidobacteraceae;g__;s__	d__Bacteria	p__Proteobacteria	c__Gammaproteobacteria	o__Steroidobacterales	f__Steroidobacteraceae	g__	s__
SPAdes-MetaBAT2Refined-S3.51	d__Bacteria;p__Actinobacteriota;c__Acidimicrobiia;o__Acidimicrobiales;f__QHCF01;g__;s__	d__Bacteria	p__Actinobacteriota	c__Acidimicrobiia	o__Acidimicrobiales	f__QHCF01	g__	s__
SPAdes-MetaBAT2Refined-S3.53	d__Bacteria;p__Actinobacteriota;c__Acidimicrobiia;o__Acidimicrobiales;f__Palsa-688;g__;s__	d__Bacteria	p__Actinobacteriota	c__Acidimicrobiia	o__Acidimicrobiales	f__Palsa-688	g__	s__
SPAdes-MetaBAT2Refined-S3.54_sub	d__Bacteria;p__Actinobacteriota;c__Acidimicrobiia;o__Acidimicrobiales;f__Palsa-688;g__;s__	d__Bacteria	p__Actinobacteriota	c__Acidimicrobiia	o__Acidimicrobiales	f__Palsa-688	g__	s__
SPAdes-MetaBAT2Refined-S3.56_sub	d__Bacteria;p__Chloroflexota;c__Chloroflexia;o__Thermomicrobiales;f__Thermomicrobiaceae;g__Sphaerobacter;s__	d__Bacteria	p__Chloroflexota	c__Chloroflexia	o__Thermomicrobiales	f__Thermomicrobiaceae	g__Sphaerobacter	s__
SPAdes-MetaBAT2Refined-S3.58	d__Bacteria;p__Actinobacteriota;c__Actinomycetia;o__Mycobacteriales;f__SCTD01;g__;s__	d__Bacteria	p__Actinobacteriota	c__Actinomycetia	o__Mycobacteriales	f__SCTD01	g__	s__
SPAdes-MetaBAT2Refined-S3.6	d__Bacteria;p__Chloroflexota;c__Ktedonobacteria;o__Ktedonobacterales;f__;g__;s__	d__Bacteria	p__Chloroflexota	c__Ktedonobacteria	o__Ktedonobacterales	f__	g__	s__
SPAdes-MetaBAT2Refined-S3.63_sub	d__Bacteria;p__Planctomycetota;c__Planctomycetes;o__Gemmatales;f__Gemmataceae;g__;s__	d__Bacteria	p__Planctomycetota	c__Planctomycetes	o__Gemmatales	f__Gemmataceae	g__	s__
SPAdes-MetaBAT2Refined-S3.64	d__Bacteria;p__Actinobacteriota;c__Actinomycetia;o__Mycobacteriales;f__;g__;s__	d__Bacteria	p__Actinobacteriota	c__Actinomycetia	o__Mycobacteriales	f__	g__	s__
SPAdes-MetaBAT2Refined-S3.66	d__Bacteria;p__Acidobacteriota;c__Acidobacteriae;o__Acidobacteriales;f__Acidobacteriaceae;g__;s__	d__Bacteria	p__Acidobacteriota	c__Acidobacteriae	o__Acidobacteriales	f__Acidobacteriaceae	g__	s__
SPAdes-MetaBAT2Refined-S3.7	d__Bacteria;p__Proteobacteria;c__Alphaproteobacteria;o__ATCC43930;f__Stellaceae;g__;s__	d__Bacteria	p__Proteobacteria	c__Alphaproteobacteria	o__ATCC43930	f__Stellaceae	g__	s__
SPAdes-MetaBAT2Refined-S3.71_sub	d__Bacteria;p__Actinobacteriota;c__Acidimicrobiia;o__Acidimicrobiales;f__;g__;s__	d__Bacteria	p__Actinobacteriota	c__Acidimicrobiia	o__Acidimicrobiales	f__	g__	s__
SPAdes-MetaBAT2Refined-S3.72	d__Bacteria;p__Actinobacteriota;c__Acidimicrobiia;o__Acidimicrobiales;f__RAAP-2;g__RAAP-2;s__	d__Bacteria	p__Actinobacteriota	c__Acidimicrobiia	o__Acidimicrobiales	f__RAAP-2	g__RAAP-2	s__
SPAdes-MetaBAT2Refined-S3.79	d__Bacteria;p__Actinobacteriota;c__Actinomycetia;o__Mycobacteriales;f__Pseudonocardiaceae;g__Pseudonocardia;s__	d__Bacteria	p__Actinobacteriota	c__Actinomycetia	o__Mycobacteriales	f__Pseudonocardiaceae	g__Pseudonocardia	s__
SPAdes-MetaBAT2Refined-S3.8	d__Bacteria;p__Acidobacteriota;c__Acidobacteriae;o__Acidobacteriales;f__Acidobacteriaceae;g__Terracidiphilus;s__	d__Bacteria	p__Acidobacteriota	c__Acidobacteriae	o__Acidobacteriales	f__Acidobacteriaceae	g__Terracidiphilus	s__
SPAdes-MetaBAT2Refined-S3.81	d__Bacteria;p__Acidobacteriota;c__Acidobacteriae;o__Acidobacteriales;f__Acidobacteriaceae;g__;s__	d__Bacteria	p__Acidobacteriota	c__Acidobacteriae	o__Acidobacteriales	f__Acidobacteriaceae	g__	s__
SPAdes-MetaBAT2Refined-S3.87	d__Bacteria;p__Cyanobacteria;c__Sericytochromatia;o__S15B-MN24;f__;g__;s__	d__Bacteria	p__Cyanobacteria	c__Sericytochromatia	o__S15B-MN24	f__	g__	s__
SPAdes-MetaBAT2Refined-S3.9	d__Bacteria;p__Acidobacteriota;c__Acidobacteriae;o__Acidobacteriales;f__SCQP01;g__;s__	d__Bacteria	p__Acidobacteriota	c__Acidobacteriae	o__Acidobacteriales	f__SCQP01	g__	s__
SPAdes-MetaBAT2Refined-S3.97	d__Bacteria;p__Eremiobacterota;c__Eremiobacteria;o__Baltobacterales;f__Baltobacteraceae;g__;s__	d__Bacteria	p__Eremiobacterota	c__Eremiobacteria	o__Baltobacterales	f__Baltobacteraceae	g__	s__
SPAdes-MetaBAT2Refined-S3.98_sub	d__Bacteria;p__Acidobacteriota;c__Acidobacteriae;o__Acidobacteriales;f__Acidobacteriaceae;g__;s__	d__Bacteria	p__Acidobacteriota	c__Acidobacteriae	o__Acidobacteriales	f__Acidobacteriaceae	g__	s__
SPAdes-MetaBAT2Refined-S3.99_sub	d__Bacteria;p__Actinobacteriota;c__Acidimicrobiia;o__Acidimicrobiales;f__UBA8190;g__;s__	d__Bacteria	p__Actinobacteriota	c__Acidimicrobiia	o__Acidimicrobiales	f__UBA8190	g__	s__
SPAdes-MetaBAT2Refined-S7.100	d__Bacteria;p__Desulfobacterota_B;c__Binatia;o__Binatales;f__Binataceae;g__;s__	d__Bacteria	p__Desulfobacterota_B	c__Binatia	o__Binatales	f__Binataceae	g__	s__
SPAdes-MetaBAT2Refined-S7.103_sub	d__Bacteria;p__Nitrospirota_A;c__Leptospirillia;o__Leptospirillales;f__Leptospirillaceae;g__;s__	d__Bacteria	p__Nitrospirota_A	c__Leptospirillia	o__Leptospirillales	f__Leptospirillaceae	g__	s__
SPAdes-MetaBAT2Refined-S7.106	d__Bacteria;p__Proteobacteria;c__Gammaproteobacteria;o__Acidiferrobacterales;f__Acidiferrobacteraceae;g__;s__	d__Bacteria	p__Proteobacteria	c__Gammaproteobacteria	o__Acidiferrobacterales	f__Acidiferrobacteraceae	g__	s__
SPAdes-MetaBAT2Refined-S7.112_sub	d__Bacteria;p__Proteobacteria;c__Gammaproteobacteria;o__Acidiferrobacterales;f__Acidiferrobacteraceae;g__Acidiferrobacter;s__	d__Bacteria	p__Proteobacteria	c__Gammaproteobacteria	o__Acidiferrobacterales	f__Acidiferrobacteraceae	g__Acidiferrobacter	s__
SPAdes-MetaBAT2Refined-S7.119	d__Bacteria;p__Proteobacteria;c__Gammaproteobacteria;o__Steroidobacterales;f__Steroidobacteraceae;g__;s__	d__Bacteria	p__Proteobacteria	c__Gammaproteobacteria	o__Steroidobacterales	f__Steroidobacteraceae	g__	s__
SPAdes-MetaBAT2Refined-S7.12	d__Bacteria;p__Proteobacteria;c__Alphaproteobacteria;o__Acetobacterales;f__Acetobacteraceae;g__Acidibrevibacterium;s__Acidibrevibacterium fodinaquatile	d__Bacteria	p__Proteobacteria	c__Alphaproteobacteria	o__Acetobacterales	f__Acetobacteraceae	g__Acidibrevibacterium	s__Acidibrevibacterium fodinaquatile
SPAdes-MetaBAT2Refined-S7.121_sub	d__Bacteria;p__Proteobacteria;c__Gammaproteobacteria;o__Acidiferrobacterales;f__Acidiferrobacteraceae;g__Acidiferrobacter;s__Acidiferrobacter thiooxydans	d__Bacteria	p__Proteobacteria	c__Gammaproteobacteria	o__Acidiferrobacterales	f__Acidiferrobacteraceae	g__Acidiferrobacter	s__Acidiferrobacter thiooxydans
SPAdes-MetaBAT2Refined-S7.122	d__Bacteria;p__Proteobacteria;c__Gammaproteobacteria;o__Burkholderiales;f__JABEVD01;g__JABEVD01;s__	d__Bacteria	p__Proteobacteria	c__Gammaproteobacteria	o__Burkholderiales	f__JABEVD01	g__JABEVD01	s__
SPAdes-MetaBAT2Refined-S7.123_sub	d__Bacteria;p__Proteobacteria;c__Alphaproteobacteria;o__Acetobacterales;f__Acetobacteraceae;g__Palsa-883;s__	d__Bacteria	p__Proteobacteria	c__Alphaproteobacteria	o__Acetobacterales	f__Acetobacteraceae	g__Palsa-883	s__
SPAdes-MetaBAT2Refined-S7.124_sub	d__Bacteria;p__Proteobacteria;c__Gammaproteobacteria;o__DSM-16500;f__DSM-16500;g__Aquicella;s__	d__Bacteria	p__Proteobacteria	c__Gammaproteobacteria	o__DSM-16500	f__DSM-16500	g__Aquicella	s__
SPAdes-MetaBAT2Refined-S7.14	d__Bacteria;p__Elusimicrobiota;c__Elusimicrobia;o__UBA1565;f__UBA9628;g__;s__	d__Bacteria	p__Elusimicrobiota	c__Elusimicrobia	o__UBA1565	f__UBA9628	g__	s__
SPAdes-MetaBAT2Refined-S7.142_sub	d__Bacteria;p__Acidobacteriota;c__Acidobacteriae;o__Acidobacteriales;f__Acidobacteriaceae;g__;s__	d__Bacteria	p__Acidobacteriota	c__Acidobacteriae	o__Acidobacteriales	f__Acidobacteriaceae	g__	s__
SPAdes-MetaBAT2Refined-S7.20	d__Bacteria;p__SZUA-79;c__SZUA-79;o__Acidulodesulfobacterales;f__SZUA-79;g__Acidulodesulfobacterium;s__	d__Bacteria	p__SZUA-79	c__SZUA-79	o__Acidulodesulfobacterales	f__SZUA-79	g__Acidulodesulfobacterium	s__
SPAdes-MetaBAT2Refined-S7.22_sub	d__Bacteria;p__Acidobacteriota;c__Acidobacteriae;o__Acidobacteriales;f__Acidobacteriaceae;g__;s__	d__Bacteria	p__Acidobacteriota	c__Acidobacteriae	o__Acidobacteriales	f__Acidobacteriaceae	g__	s__
SPAdes-MetaBAT2Refined-S7.25	d__Bacteria;p__Dependentiae;c__Babeliae;o__Babeliales;f__Babeliaceae;g__;s__	d__Bacteria	p__Dependentiae	c__Babeliae	o__Babeliales	f__Babeliaceae	g__	s__
SPAdes-MetaBAT2Refined-S7.26	d__Bacteria;p__Proteobacteria;c__Gammaproteobacteria;o__UBA6186;f__UBA6186;g__CADEGZ01;s__	d__Bacteria	p__Proteobacteria	c__Gammaproteobacteria	o__UBA6186	f__UBA6186	g__CADEGZ01	s__
SPAdes-MetaBAT2Refined-S7.28	d__Bacteria;p__Proteobacteria;c__Gammaproteobacteria;o__Acidiferrobacterales;f__Sulfurifustaceae;g__;s__	d__Bacteria	p__Proteobacteria	c__Gammaproteobacteria	o__Acidiferrobacterales	f__Sulfurifustaceae	g__	s__
SPAdes-MetaBAT2Refined-S7.30	d__Bacteria;p__Patescibacteria;c__Paceibacteria;o__UBA6257;f__Colwellbacteraceae;g__;s__	d__Bacteria	p__Patescibacteria	c__Paceibacteria	o__UBA6257	f__Colwellbacteraceae	g__	s__
SPAdes-MetaBAT2Refined-S7.33	d__Bacteria;p__Patescibacteria;c__Paceibacteria;o__UBA9983_A;f__UBA2163;g__C7867-001;s__	d__Bacteria	p__Patescibacteria	c__Paceibacteria	o__UBA9983_A	f__UBA2163	g__C7867-001	s__
SPAdes-MetaBAT2Refined-S7.39_sub	d__Bacteria;p__Desulfobacterota_B;c__Binatia;o__Binatales;f__Binataceae;g__;s__	d__Bacteria	p__Desulfobacterota_B	c__Binatia	o__Binatales	f__Binataceae	g__	s__
SPAdes-MetaBAT2Refined-S7.47	d__Bacteria;p__Actinobacteriota;c__Actinomycetia;o__Mycobacteriales;f__CAJCIY01;g__;s__	d__Bacteria	p__Actinobacteriota	c__Actinomycetia	o__Mycobacteriales	f__CAJCIY01	g__	s__
SPAdes-MetaBAT2Refined-S7.5	d__Bacteria;p__Nitrospirota_A;c__Leptospirillia;o__Leptospirillales;f__Leptospirillaceae;g__Leptospirillum_A;s__	d__Bacteria	p__Nitrospirota_A	c__Leptospirillia	o__Leptospirillales	f__Leptospirillaceae	g__Leptospirillum_A	s__
SPAdes-MetaBAT2Refined-S7.52	d__Bacteria;p__Actinobacteriota;c__Acidimicrobiia;o__Acidimicrobiales;f__UBA8190;g__;s__	d__Bacteria	p__Actinobacteriota	c__Acidimicrobiia	o__Acidimicrobiales	f__UBA8190	g__	s__
SPAdes-MetaBAT2Refined-S7.58	d__Bacteria;p__Proteobacteria;c__Alphaproteobacteria;o__ATCC43930;f__Stellaceae;g__;s__	d__Bacteria	p__Proteobacteria	c__Alphaproteobacteria	o__ATCC43930	f__Stellaceae	g__	s__
SPAdes-MetaBAT2Refined-S7.59	d__Bacteria;p__Proteobacteria;c__Gammaproteobacteria;o__21-64-14;f__21-64-14;g__21-64-14;s__21-64-14 sp002255365	d__Bacteria	p__Proteobacteria	c__Gammaproteobacteria	o__21-64-14	f__21-64-14	g__21-64-14	s__21-64-14 sp002255365
SPAdes-MetaBAT2Refined-S7.61	d__Bacteria;p__Patescibacteria;c__Saccharimonadia;o__Saccharimonadales;f__UBA4665;g__CAILQE01;s__	d__Bacteria	p__Patescibacteria	c__Saccharimonadia	o__Saccharimonadales	f__UBA4665	g__CAILQE01	s__
SPAdes-MetaBAT2Refined-S7.69	d__Bacteria;p__Proteobacteria;c__Alphaproteobacteria;o__Acetobacterales;f__Acetobacteraceae;g__Acidiphilium;s__	d__Bacteria	p__Proteobacteria	c__Alphaproteobacteria	o__Acetobacterales	f__Acetobacteraceae	g__Acidiphilium	s__
SPAdes-MetaBAT2Refined-S7.75	d__Bacteria;p__Proteobacteria;c__Gammaproteobacteria;o__Acidiferrobacterales;f__Acidiferrobacteraceae;g__Acidiferrobacter;s__	d__Bacteria	p__Proteobacteria	c__Gammaproteobacteria	o__Acidiferrobacterales	f__Acidiferrobacteraceae	g__Acidiferrobacter	s__
SPAdes-MetaBAT2Refined-S7.76	d__Bacteria;p__Proteobacteria;c__Gammaproteobacteria;o__Steroidobacterales;f__Steroidobacteraceae;g__;s__	d__Bacteria	p__Proteobacteria	c__Gammaproteobacteria	o__Steroidobacterales	f__Steroidobacteraceae	g__	s__
SPAdes-MetaBAT2Refined-S7.77	d__Bacteria;p__Proteobacteria;c__Gammaproteobacteria;o__Steroidobacterales;f__Steroidobacteraceae;g__;s__	d__Bacteria	p__Proteobacteria	c__Gammaproteobacteria	o__Steroidobacterales	f__Steroidobacteraceae	g__	s__
SPAdes-MetaBAT2Refined-S7.78	d__Bacteria;p__Actinobacteriota;c__Acidimicrobiia;o__Acidimicrobiales;f__Acidimicrobiaceae;g__Acidithrix;s__	d__Bacteria	p__Actinobacteriota	c__Acidimicrobiia	o__Acidimicrobiales	f__Acidimicrobiaceae	g__Acidithrix	s__
SPAdes-MetaBAT2Refined-S7.8	d__Bacteria;p__Actinobacteriota;c__Acidimicrobiia;o__Acidimicrobiales;f__Acidimicrobiaceae;g__SCQM01;s__	d__Bacteria	p__Actinobacteriota	c__Acidimicrobiia	o__Acidimicrobiales	f__Acidimicrobiaceae	g__SCQM01	s__
SPAdes-MetaBAT2Refined-S7.88_sub	d__Bacteria;p__Nitrospirota_A;c__Leptospirillia;o__Leptospirillales;f__Leptospirillaceae;g__;s__	d__Bacteria	p__Nitrospirota_A	c__Leptospirillia	o__Leptospirillales	f__Leptospirillaceae	g__	s__
SPAdes-MetaBAT2Refined-S7.90	d__Bacteria;p__Proteobacteria;c__Gammaproteobacteria;o__Burkholderiales;f__Thiobacillaceae;g__;s__	d__Bacteria	p__Proteobacteria	c__Gammaproteobacteria	o__Burkholderiales	f__Thiobacillaceae	g__	s__
SPAdes-MetaBAT2Refined-S7.93	d__Bacteria;p__Proteobacteria;c__Gammaproteobacteria;o__Legionellales;f__Legionellaceae;g__Legionella;s__	d__Bacteria	p__Proteobacteria	c__Gammaproteobacteria	o__Legionellales	f__Legionellaceae	g__Legionella	s__
SPAdes-MetaBAT2Refined-S7.94	d__Bacteria;p__Patescibacteria;c__Paceibacteria;o__UBA6257;f__2-01-FULL-56-20;g__CAJAQL01;s__	d__Bacteria	p__Patescibacteria	c__Paceibacteria	o__UBA6257	f__2-01-FULL-56-20	g__CAJAQL01	s__
SPAdes-MetaBAT2Refined-S7.96	d__Bacteria;p__Planctomycetota;c__Planctomycetes;o__Isosphaerales;f__Isosphaeraceae;g__;s__	d__Bacteria	p__Planctomycetota	c__Planctomycetes	o__Isosphaerales	f__Isosphaeraceae	g__	s__
SPAdes-MetaBAT2Refined-S7.97	d__Bacteria;p__Acidobacteriota;c__Acidobacteriae;o__Acidobacteriales;f__Acidobacteriaceae;g__;s__	d__Bacteria	p__Acidobacteriota	c__Acidobacteriae	o__Acidobacteriales	f__Acidobacteriaceae	g__	s__
SPAdes-MetaBAT2Refined-S15.11	d__Bacteria;p__Actinobacteriota;c__Thermoleophilia;o__Solirubrobacterales;f__Solirubrobacteraceae;g__Palsa-465;s__	d__Bacteria	p__Actinobacteriota	c__Thermoleophilia	o__Solirubrobacterales	f__Solirubrobacteraceae	g__Palsa-465	s__
SPAdes-MetaBAT2Refined-S15.13	d__Bacteria;p__Firmicutes_E;c__Sulfobacillia;o__Sulfobacillales;f__Sulfobacillaceae;g__;s__	d__Bacteria	p__Firmicutes_E	c__Sulfobacillia	o__Sulfobacillales	f__Sulfobacillaceae	g__	s__
SPAdes-MetaBAT2Refined-S15.14	d__Bacteria;p__Actinobacteriota;c__Acidimicrobiia;o__Acidimicrobiales;f__;g__;s__	d__Bacteria	p__Actinobacteriota	c__Acidimicrobiia	o__Acidimicrobiales	f__	g__	s__
SPAdes-MetaBAT2Refined-S15.15_sub	d__Bacteria;p__Proteobacteria;c__Alphaproteobacteria;o__Acetobacterales;f__Acetobacteraceae;g__Acidisphaera;s__	d__Bacteria	p__Proteobacteria	c__Alphaproteobacteria	o__Acetobacterales	f__Acetobacteraceae	g__Acidisphaera	s__
SPAdes-MetaBAT2Refined-S15.18	d__Bacteria;p__Actinobacteriota;c__Actinomycetia;o__Mycobacteriales;f__CAJCIY01;g__;s__	d__Bacteria	p__Actinobacteriota	c__Actinomycetia	o__Mycobacteriales	f__CAJCIY01	g__	s__
SPAdes-MetaBAT2Refined-S15.19	d__Bacteria;p__Actinobacteriota;c__Acidimicrobiia;o__Acidimicrobiales;f__RAAP-2;g__RAAP-2;s__	d__Bacteria	p__Actinobacteriota	c__Acidimicrobiia	o__Acidimicrobiales	f__RAAP-2	g__RAAP-2	s__
SPAdes-MetaBAT2Refined-S15.20	d__Bacteria;p__Actinobacteriota;c__Actinomycetia;o__Mycobacteriales;f__CAJCIY01;g__;s__	d__Bacteria	p__Actinobacteriota	c__Actinomycetia	o__Mycobacteriales	f__CAJCIY01	g__	s__
SPAdes-MetaBAT2Refined-S15.22	d__Bacteria;p__Actinobacteriota;c__Actinomycetia;o__Streptosporangiales;f__Streptosporangiaceae;g__Bog-532;s__	d__Bacteria	p__Actinobacteriota	c__Actinomycetia	o__Streptosporangiales	f__Streptosporangiaceae	g__Bog-532	s__
SPAdes-MetaBAT2Refined-S15.26	d__Bacteria;p__Actinobacteriota;c__Acidimicrobiia;o__Acidimicrobiales;f__Palsa-688;g__;s__	d__Bacteria	p__Actinobacteriota	c__Acidimicrobiia	o__Acidimicrobiales	f__Palsa-688	g__	s__
SPAdes-MetaBAT2Refined-S15.27	d__Bacteria;p__Proteobacteria;c__Gammaproteobacteria;o__Pseudomonadales;f__Pseudomonadaceae;g__Pseudomonas_E;s__Pseudomonas_E hunanensis	d__Bacteria	p__Proteobacteria	c__Gammaproteobacteria	o__Pseudomonadales	f__Pseudomonadaceae	g__Pseudomonas_E	s__Pseudomonas_E hunanensis
SPAdes-MetaBAT2Refined-S15.38	d__Bacteria;p__Acidobacteriota;c__Acidobacteriae;o__Acidobacteriales;f__Acidobacteriaceae;g__;s__	d__Bacteria	p__Acidobacteriota	c__Acidobacteriae	o__Acidobacteriales	f__Acidobacteriaceae	g__	s__
SPAdes-MetaBAT2Refined-S15.42_sub	d__Bacteria;p__Actinobacteriota;c__Acidimicrobiia;o__Acidimicrobiales;f__RAAP-2;g__Bog-756;s__	d__Bacteria	p__Actinobacteriota	c__Acidimicrobiia	o__Acidimicrobiales	f__RAAP-2	g__Bog-756	s__
SPAdes-MetaBAT2Refined-S15.44_sub	d__Bacteria;p__Actinobacteriota;c__Acidimicrobiia;o__Acidimicrobiales;f__Acidimicrobiaceae;g__SCQM01;s__	d__Bacteria	p__Actinobacteriota	c__Acidimicrobiia	o__Acidimicrobiales	f__Acidimicrobiaceae	g__SCQM01	s__
SPAdes-MetaBAT2Refined-S15.45	d__Bacteria;p__Actinobacteriota;c__Acidimicrobiia;o__Acidimicrobiales;f__Acidimicrobiaceae;g__SCQM01;s__	d__Bacteria	p__Actinobacteriota	c__Acidimicrobiia	o__Acidimicrobiales	f__Acidimicrobiaceae	g__SCQM01	s__
SPAdes-MetaBAT2Refined-S15.46	d__Bacteria;p__Firmicutes_E;c__Sulfobacillia;o__;f__;g__;s__	d__Bacteria	p__Firmicutes_E	c__Sulfobacillia	o__	f__	g__	s__
SPAdes-MetaBAT2Refined-S15.49	d__Bacteria;p__Actinobacteriota;c__Acidimicrobiia;o__Acidimicrobiales;f__Acidimicrobiaceae;g__Acidithrix;s__	d__Bacteria	p__Actinobacteriota	c__Acidimicrobiia	o__Acidimicrobiales	f__Acidimicrobiaceae	g__Acidithrix	s__
SPAdes-MetaBAT2Refined-S15.5	d__Bacteria;p__Actinobacteriota;c__Acidimicrobiia;o__Acidimicrobiales;f__Acidimicrobiaceae;g__SCQM01;s__	d__Bacteria	p__Actinobacteriota	c__Acidimicrobiia	o__Acidimicrobiales	f__Acidimicrobiaceae	g__SCQM01	s__
SPAdes-MetaBAT2Refined-S15.50_sub	d__Bacteria;p__Acidobacteriota;c__Acidobacteriae;o__Acidobacteriales;f__Acidobacteriaceae;g__;s__	d__Bacteria	p__Acidobacteriota	c__Acidobacteriae	o__Acidobacteriales	f__Acidobacteriaceae	g__	s__
SPAdes-MetaBAT2Refined-S15.51	d__Bacteria;p__Actinobacteriota;c__Acidimicrobiia;o__Acidimicrobiales;f__Acidimicrobiaceae;g__Ferrithrix;s__	d__Bacteria	p__Actinobacteriota	c__Acidimicrobiia	o__Acidimicrobiales	f__Acidimicrobiaceae	g__Ferrithrix	s__
SPAdes-MetaBAT2Refined-S15.56	d__Bacteria;p__Actinobacteriota;c__Actinomycetia;o__Mycobacteriales;f__Jatrophihabitantaceae;g__QHCC01;s__	d__Bacteria	p__Actinobacteriota	c__Actinomycetia	o__Mycobacteriales	f__Jatrophihabitantaceae	g__QHCC01	s__
SPAdes-MetaBAT2Refined-S15.57	d__Bacteria;p__Actinobacteriota;c__Actinomycetia;o__Mycobacteriales;f__CAJCIY01;g__;s__	d__Bacteria	p__Actinobacteriota	c__Actinomycetia	o__Mycobacteriales	f__CAJCIY01	g__	s__
SPAdes-MetaBAT2Refined-S15.6	d__Bacteria;p__Proteobacteria;c__Alphaproteobacteria;o__Acetobacterales;f__Acetobacteraceae;g__Acidiphilium;s__	d__Bacteria	p__Proteobacteria	c__Alphaproteobacteria	o__Acetobacterales	f__Acetobacteraceae	g__Acidiphilium	s__
SPAdes-MetaBAT2Refined-S15.61	d__Bacteria;p__Firmicutes_E;c__Sulfobacillia;o__;f__;g__;s__	d__Bacteria	p__Firmicutes_E	c__Sulfobacillia	o__	f__	g__	s__
SPAdes-MetaBAT2Refined-S15.62	d__Bacteria;p__Firmicutes_E;c__Sulfobacillia;o__;f__;g__;s__	d__Bacteria	p__Firmicutes_E	c__Sulfobacillia	o__	f__	g__	s__
SPAdes-MetaBAT2Refined-S15.67	d__Bacteria;p__Dormibacterota;c__Dormibacteria;o__Dormibacterales;f__Dormibacteraceae;g__;s__	d__Bacteria	p__Dormibacterota	c__Dormibacteria	o__Dormibacterales	f__Dormibacteraceae	g__	s__
SPAdes-MetaBAT2Refined-S15.68	d__Bacteria;p__Actinobacteriota;c__Acidimicrobiia;o__Acidimicrobiales;f__Bog-793;g__;s__	d__Bacteria	p__Actinobacteriota	c__Acidimicrobiia	o__Acidimicrobiales	f__Bog-793	g__	s__
SPAdes-MetaBAT2Refined-S15.69	d__Bacteria;p__Actinobacteriota;c__Acidimicrobiia;o__Acidimicrobiales;f__Acidimicrobiaceae;g__SCQM01;s__	d__Bacteria	p__Actinobacteriota	c__Acidimicrobiia	o__Acidimicrobiales	f__Acidimicrobiaceae	g__SCQM01	s__
SPAdes-MetaBAT2Refined-S15.72	d__Bacteria;p__Actinobacteriota;c__Acidimicrobiia;o__Acidimicrobiales;f__Acidimicrobiaceae;g__;s__	d__Bacteria	p__Actinobacteriota	c__Acidimicrobiia	o__Acidimicrobiales	f__Acidimicrobiaceae	g__	s__
SPAdes-MetaBAT2Refined-S15.73	d__Bacteria;p__Actinobacteriota;c__Actinomycetia;o__Mycobacteriales;f__;g__;s__	d__Bacteria	p__Actinobacteriota	c__Actinomycetia	o__Mycobacteriales	f__	g__	s__
SPAdes-MetaBAT2Refined-S15.74	d__Bacteria;p__Actinobacteriota;c__Acidimicrobiia;o__Acidimicrobiales;f__Acidimicrobiaceae;g__;s__	d__Bacteria	p__Actinobacteriota	c__Acidimicrobiia	o__Acidimicrobiales	f__Acidimicrobiaceae	g__	s__
SPAdes-MetaBAT2Refined-S15.75	d__Bacteria;p__Proteobacteria;c__Alphaproteobacteria;o__Acetobacterales;f__Acetobacteraceae;g__;s__	d__Bacteria	p__Proteobacteria	c__Alphaproteobacteria	o__Acetobacterales	f__Acetobacteraceae	g__	s__
SPAdes-MetaBAT2Refined-S17.10_sub	d__Bacteria;p__Chloroflexota;c__UBA4733;o__UBA4733;f__UBA4733;g__UBA4733;s__	d__Bacteria	p__Chloroflexota	c__UBA4733	o__UBA4733	f__UBA4733	g__UBA4733	s__
SPAdes-MetaBAT2Refined-S17.100	d__Bacteria;p__Acidobacteriota;c__Acidobacteriae;o__Acidobacteriales;f__Acidobacteriaceae;g__;s__	d__Bacteria	p__Acidobacteriota	c__Acidobacteriae	o__Acidobacteriales	f__Acidobacteriaceae	g__	s__
SPAdes-MetaBAT2Refined-S17.102	d__Bacteria;p__Chloroflexota;c__Ktedonobacteria;o__Ktedonobacterales;f__;g__;s__	d__Bacteria	p__Chloroflexota	c__Ktedonobacteria	o__Ktedonobacterales	f__	g__	s__
SPAdes-MetaBAT2Refined-S17.103_sub	d__Bacteria;p__Actinobacteriota;c__Thermoleophilia;o__Solirubrobacterales;f__Solirubrobacteraceae;g__Palsa-465;s__	d__Bacteria	p__Actinobacteriota	c__Thermoleophilia	o__Solirubrobacterales	f__Solirubrobacteraceae	g__Palsa-465	s__
SPAdes-MetaBAT2Refined-S17.106	d__Bacteria;p__Actinobacteriota;c__Actinomycetia;o__Mycobacteriales;f__;g__;s__	d__Bacteria	p__Actinobacteriota	c__Actinomycetia	o__Mycobacteriales	f__	g__	s__
SPAdes-MetaBAT2Refined-S17.108	d__Bacteria;p__Nitrospirota_A;c__Leptospirillia;o__Leptospirillales;f__Leptospirillaceae;g__Leptospirillum_A;s__	d__Bacteria	p__Nitrospirota_A	c__Leptospirillia	o__Leptospirillales	f__Leptospirillaceae	g__Leptospirillum_A	s__
SPAdes-MetaBAT2Refined-S17.109	d__Bacteria;p__Proteobacteria;c__Gammaproteobacteria;o__Acidiferrobacterales;f__Acidiferrobacteraceae;g__;s__	d__Bacteria	p__Proteobacteria	c__Gammaproteobacteria	o__Acidiferrobacterales	f__Acidiferrobacteraceae	g__	s__
SPAdes-MetaBAT2Refined-S17.112	d__Bacteria;p__Proteobacteria;c__Alphaproteobacteria;o__ATCC43930;f__Stellaceae;g__URHD0088;s__	d__Bacteria	p__Proteobacteria	c__Alphaproteobacteria	o__ATCC43930	f__Stellaceae	g__URHD0088	s__
SPAdes-MetaBAT2Refined-S17.114	d__Bacteria;p__Cyanobacteria;c__Sericytochromatia;o__S15B-MN24;f__;g__;s__	d__Bacteria	p__Cyanobacteria	c__Sericytochromatia	o__S15B-MN24	f__	g__	s__
SPAdes-MetaBAT2Refined-S17.12	d__Bacteria;p__Chloroflexota;c__FW602-bin22;o__FW602-bin22;f__CADDYW01;g__CADDYW01;s__	d__Bacteria	p__Chloroflexota	c__FW602-bin22	o__FW602-bin22	f__CADDYW01	g__CADDYW01	s__
SPAdes-MetaBAT2Refined-S17.120	d__Bacteria;p__Chloroflexota;c__Dehalococcoidia;o__UBA2991;f__UBA2991;g__PNKC01;s__	d__Bacteria	p__Chloroflexota	c__Dehalococcoidia	o__UBA2991	f__UBA2991	g__PNKC01	s__
SPAdes-MetaBAT2Refined-S17.122_sub	d__Bacteria;p__Actinobacteriota;c__Acidimicrobiia;o__Acidimicrobiales;f__RAAP-2;g__;s__	d__Bacteria	p__Actinobacteriota	c__Acidimicrobiia	o__Acidimicrobiales	f__RAAP-2	g__	s__
SPAdes-MetaBAT2Refined-S17.123_sub	d__Bacteria;p__Acidobacteriota;c__Acidobacteriae;o__Acidobacteriales;f__Acidobacteriaceae;g__Terracidiphilus;s__	d__Bacteria	p__Acidobacteriota	c__Acidobacteriae	o__Acidobacteriales	f__Acidobacteriaceae	g__Terracidiphilus	s__
SPAdes-MetaBAT2Refined-S17.13	d__Bacteria;p__Proteobacteria;c__Gammaproteobacteria;o__Steroidobacterales;f__Steroidobacteraceae;g__;s__	d__Bacteria	p__Proteobacteria	c__Gammaproteobacteria	o__Steroidobacterales	f__Steroidobacteraceae	g__	s__
SPAdes-MetaBAT2Refined-S17.131_sub	d__Bacteria;p__Proteobacteria;c__Alphaproteobacteria;o__Acetobacterales;f__Acetobacteraceae;g__Acidisphaera;s__	d__Bacteria	p__Proteobacteria	c__Alphaproteobacteria	o__Acetobacterales	f__Acetobacteraceae	g__Acidisphaera	s__
SPAdes-MetaBAT2Refined-S17.137	d__Bacteria;p__Planctomycetota;c__Planctomycetes;o__Isosphaerales;f__Isosphaeraceae;g__;s__	d__Bacteria	p__Planctomycetota	c__Planctomycetes	o__Isosphaerales	f__Isosphaeraceae	g__	s__
SPAdes-MetaBAT2Refined-S17.146_sub	d__Bacteria;p__Actinobacteriota;c__Acidimicrobiia;o__Acidimicrobiales;f__Palsa-688;g__;s__	d__Bacteria	p__Actinobacteriota	c__Acidimicrobiia	o__Acidimicrobiales	f__Palsa-688	g__	s__
SPAdes-MetaBAT2Refined-S17.154	d__Bacteria;p__Acidobacteriota;c__Acidobacteriae;o__UBA7540;f__UBA7540;g__RH2-MAG17b;s__	d__Bacteria	p__Acidobacteriota	c__Acidobacteriae	o__UBA7540	f__UBA7540	g__RH2-MAG17b	s__
SPAdes-MetaBAT2Refined-S17.157_sub	d__Bacteria;p__Actinobacteriota;c__Acidimicrobiia;o__Acidimicrobiales;f__Bog-793;g__;s__	d__Bacteria	p__Actinobacteriota	c__Acidimicrobiia	o__Acidimicrobiales	f__Bog-793	g__	s__
SPAdes-MetaBAT2Refined-S17.160	d__Bacteria;p__Actinobacteriota;c__Actinomycetia;o__Mycobacteriales;f__;g__;s__	d__Bacteria	p__Actinobacteriota	c__Actinomycetia	o__Mycobacteriales	f__	g__	s__
SPAdes-MetaBAT2Refined-S17.161	d__Bacteria;p__Bdellovibrionota;c__Bdellovibrionia_A;o__UBA1018;f__UBA1018;g__;s__	d__Bacteria	p__Bdellovibrionota	c__Bdellovibrionia_A	o__UBA1018	f__UBA1018	g__	s__
SPAdes-MetaBAT2Refined-S17.163	d__Bacteria;p__Patescibacteria;c__;o__;f__;g__;s__	d__Bacteria	p__Patescibacteria	c__	o__	f__	g__	s__
SPAdes-MetaBAT2Refined-S17.164_sub	d__Bacteria;p__Nitrospirota_A;c__Leptospirillia;o__Leptospirillales;f__Leptospirillaceae;g__;s__	d__Bacteria	p__Nitrospirota_A	c__Leptospirillia	o__Leptospirillales	f__Leptospirillaceae	g__	s__
SPAdes-MetaBAT2Refined-S17.166	d__Bacteria;p__Acidobacteriota;c__Acidobacteriae;o__Acidobacteriales;f__Acidobacteriaceae;g__;s__	d__Bacteria	p__Acidobacteriota	c__Acidobacteriae	o__Acidobacteriales	f__Acidobacteriaceae	g__	s__
SPAdes-MetaBAT2Refined-S17.172_sub	d__Bacteria;p__Proteobacteria;c__Alphaproteobacteria;o__Acetobacterales;f__Acetobacteraceae;g__Palsa-883;s__	d__Bacteria	p__Proteobacteria	c__Alphaproteobacteria	o__Acetobacterales	f__Acetobacteraceae	g__Palsa-883	s__
SPAdes-MetaBAT2Refined-S17.18	d__Bacteria;p__Actinobacteriota;c__Acidimicrobiia;o__Acidimicrobiales;f__;g__;s__	d__Bacteria	p__Actinobacteriota	c__Acidimicrobiia	o__Acidimicrobiales	f__	g__	s__
SPAdes-MetaBAT2Refined-S17.182_sub	d__Bacteria;p__Acidobacteriota;c__Acidobacteriae;o__Acidobacteriales;f__SCQP01;g__;s__	d__Bacteria	p__Acidobacteriota	c__Acidobacteriae	o__Acidobacteriales	f__SCQP01	g__	s__
SPAdes-MetaBAT2Refined-S17.184_sub	d__Bacteria;p__Actinobacteriota;c__Acidimicrobiia;o__Acidimicrobiales;f__Bog-793;g__;s__	d__Bacteria	p__Actinobacteriota	c__Acidimicrobiia	o__Acidimicrobiales	f__Bog-793	g__	s__
SPAdes-MetaBAT2Refined-S17.186	d__Bacteria;p__Desulfobacterota_B;c__Binatia;o__Binatales;f__Binataceae;g__;s__	d__Bacteria	p__Desulfobacterota_B	c__Binatia	o__Binatales	f__Binataceae	g__	s__
SPAdes-MetaBAT2Refined-S17.189	d__Bacteria;p__Acidobacteriota;c__Acidobacteriae;o__Acidobacteriales;f__Acidobacteriaceae;g__;s__	d__Bacteria	p__Acidobacteriota	c__Acidobacteriae	o__Acidobacteriales	f__Acidobacteriaceae	g__	s__
SPAdes-MetaBAT2Refined-S17.190	d__Bacteria;p__Chloroflexota;c__Ellin6529;o__CSP1-4;f__CSP1-4;g__;s__	d__Bacteria	p__Chloroflexota	c__Ellin6529	o__CSP1-4	f__CSP1-4	g__	s__
SPAdes-MetaBAT2Refined-S17.191_sub	d__Bacteria;p__Proteobacteria;c__Alphaproteobacteria;o__Acetobacterales;f__Acetobacteraceae;g__;s__	d__Bacteria	p__Proteobacteria	c__Alphaproteobacteria	o__Acetobacterales	f__Acetobacteraceae	g__	s__
SPAdes-MetaBAT2Refined-S17.194	d__Bacteria;p__Proteobacteria;c__Gammaproteobacteria;o__Acidiferrobacterales;f__Acidiferrobacteraceae;g__;s__	d__Bacteria	p__Proteobacteria	c__Gammaproteobacteria	o__Acidiferrobacterales	f__Acidiferrobacteraceae	g__	s__
SPAdes-MetaBAT2Refined-S17.195	d__Bacteria;p__Acidobacteriota;c__Acidobacteriae;o__Acidobacteriales;f__Acidobacteriaceae;g__Terracidiphilus;s__	d__Bacteria	p__Acidobacteriota	c__Acidobacteriae	o__Acidobacteriales	f__Acidobacteriaceae	g__Terracidiphilus	s__
SPAdes-MetaBAT2Refined-S17.197_sub	d__Bacteria;p__Actinobacteriota;c__Actinomycetia;o__Streptosporangiales;f__Streptosporangiaceae;g__UBA9676;s__	d__Bacteria	p__Actinobacteriota	c__Actinomycetia	o__Streptosporangiales	f__Streptosporangiaceae	g__UBA9676	s__
SPAdes-MetaBAT2Refined-S17.2	d__Bacteria;p__Actinobacteriota;c__Thermoleophilia;o__Gaiellales;f__Gaiellaceae;g__Palsa-739;s__	d__Bacteria	p__Actinobacteriota	c__Thermoleophilia	o__Gaiellales	f__Gaiellaceae	g__Palsa-739	s__
SPAdes-MetaBAT2Refined-S17.204_sub	d__Bacteria;p__Dormibacterota;c__Dormibacteria;o__Dormibacterales;f__Dormibacteraceae;g__;s__	d__Bacteria	p__Dormibacterota	c__Dormibacteria	o__Dormibacterales	f__Dormibacteraceae	g__	s__
SPAdes-MetaBAT2Refined-S17.205	d__Bacteria;p__Firmicutes_E;c__Sulfobacillia;o__;f__;g__;s__	d__Bacteria	p__Firmicutes_E	c__Sulfobacillia	o__	f__	g__	s__
SPAdes-MetaBAT2Refined-S17.206	d__Bacteria;p__Firmicutes_E;c__Thermaerobacteria;o__;f__;g__;s__	d__Bacteria	p__Firmicutes_E	c__Thermaerobacteria	o__	f__	g__	s__
SPAdes-MetaBAT2Refined-S17.26_sub	d__Bacteria;p__Actinobacteriota;c__Actinomycetia;o__Mycobacteriales;f__;g__;s__	d__Bacteria	p__Actinobacteriota	c__Actinomycetia	o__Mycobacteriales	f__	g__	s__
SPAdes-MetaBAT2Refined-S17.3_sub	d__Bacteria;p__Actinobacteriota;c__Thermoleophilia;o__Solirubrobacterales;f__Solirubrobacteraceae;g__Palsa-465;s__	d__Bacteria	p__Actinobacteriota	c__Thermoleophilia	o__Solirubrobacterales	f__Solirubrobacteraceae	g__Palsa-465	s__
SPAdes-MetaBAT2Refined-S17.30_sub	d__Bacteria;p__Actinobacteriota;c__Acidimicrobiia;o__Acidimicrobiales;f__Palsa-688;g__;s__	d__Bacteria	p__Actinobacteriota	c__Acidimicrobiia	o__Acidimicrobiales	f__Palsa-688	g__	s__
SPAdes-MetaBAT2Refined-S17.31	d__Bacteria;p__Eremiobacterota;c__Eremiobacteria;o__Baltobacterales;f__Baltobacteraceae;g__JABEUX01;s__	d__Bacteria	p__Eremiobacterota	c__Eremiobacteria	o__Baltobacterales	f__Baltobacteraceae	g__JABEUX01	s__
SPAdes-MetaBAT2Refined-S17.36_sub	d__Bacteria;p__Actinobacteriota;c__Acidimicrobiia;o__Acidimicrobiales;f__QHCF01;g__;s__	d__Bacteria	p__Actinobacteriota	c__Acidimicrobiia	o__Acidimicrobiales	f__QHCF01	g__	s__
SPAdes-MetaBAT2Refined-S17.37	d__Bacteria;p__Planctomycetota;c__Planctomycetes;o__Isosphaerales;f__Isosphaeraceae;g__;s__	d__Bacteria	p__Planctomycetota	c__Planctomycetes	o__Isosphaerales	f__Isosphaeraceae	g__	s__
SPAdes-MetaBAT2Refined-S17.38	d__Bacteria;p__Acidobacteriota;c__Acidobacteriae;o__Acidobacteriales;f__SCQP01;g__SCQP01;s__	d__Bacteria	p__Acidobacteriota	c__Acidobacteriae	o__Acidobacteriales	f__SCQP01	g__SCQP01	s__
SPAdes-MetaBAT2Refined-S17.39_sub	d__Bacteria;p__Chloroflexota;c__UBA4733;o__UBA4733;f__UBA4733;g__UBA4733;s__	d__Bacteria	p__Chloroflexota	c__UBA4733	o__UBA4733	f__UBA4733	g__UBA4733	s__
SPAdes-MetaBAT2Refined-S17.50	d__Bacteria;p__Chloroflexota;c__Chloroflexia;o__Thermomicrobiales;f__Thermomicrobiaceae;g__Sphaerobacter;s__	d__Bacteria	p__Chloroflexota	c__Chloroflexia	o__Thermomicrobiales	f__Thermomicrobiaceae	g__Sphaerobacter	s__
SPAdes-MetaBAT2Refined-S17.51	d__Bacteria;p__Chloroflexota;c__Dehalococcoidia;o__DSGV01;f__;g__;s__	d__Bacteria	p__Chloroflexota	c__Dehalococcoidia	o__DSGV01	f__	g__	s__
SPAdes-MetaBAT2Refined-S17.52	d__Bacteria;p__Acidobacteriota;c__Acidobacteriae;o__Acidobacteriales;f__Acidobacteriaceae;g__;s__	d__Bacteria	p__Acidobacteriota	c__Acidobacteriae	o__Acidobacteriales	f__Acidobacteriaceae	g__	s__
SPAdes-MetaBAT2Refined-S17.59	d__Bacteria;p__Acidobacteriota;c__Acidobacteriae;o__Acidobacteriales;f__Acidobacteriaceae;g__;s__	d__Bacteria	p__Acidobacteriota	c__Acidobacteriae	o__Acidobacteriales	f__Acidobacteriaceae	g__	s__
SPAdes-MetaBAT2Refined-S17.61	d__Bacteria;p__Actinobacteriota;c__Acidimicrobiia;o__Acidimicrobiales;f__Palsa-688;g__;s__	d__Bacteria	p__Actinobacteriota	c__Acidimicrobiia	o__Acidimicrobiales	f__Palsa-688	g__	s__
SPAdes-MetaBAT2Refined-S17.63	d__Bacteria;p__Proteobacteria;c__Alphaproteobacteria;o__Acetobacterales;f__Acetobacteraceae;g__;s__	d__Bacteria	p__Proteobacteria	c__Alphaproteobacteria	o__Acetobacterales	f__Acetobacteraceae	g__	s__
SPAdes-MetaBAT2Refined-S17.65_sub	d__Bacteria;p__Actinobacteriota;c__Actinomycetia;o__Mycobacteriales;f__QHCA01;g__;s__	d__Bacteria	p__Actinobacteriota	c__Actinomycetia	o__Mycobacteriales	f__QHCA01	g__	s__
SPAdes-MetaBAT2Refined-S17.66	d__Bacteria;p__Nitrospirota_A;c__Leptospirillia;o__Leptospirillales;f__Leptospirillaceae;g__;s__	d__Bacteria	p__Nitrospirota_A	c__Leptospirillia	o__Leptospirillales	f__Leptospirillaceae	g__	s__
SPAdes-MetaBAT2Refined-S17.68_sub	d__Bacteria;p__Acidobacteriota;c__Acidobacteriae;o__Acidobacteriales;f__Acidobacteriaceae;g__;s__	d__Bacteria	p__Acidobacteriota	c__Acidobacteriae	o__Acidobacteriales	f__Acidobacteriaceae	g__	s__
SPAdes-MetaBAT2Refined-S17.70_sub	d__Bacteria;p__Actinobacteriota;c__Thermoleophilia;o__Gaiellales;f__Gaiellaceae;g__PALSA-600;s__	d__Bacteria	p__Actinobacteriota	c__Thermoleophilia	o__Gaiellales	f__Gaiellaceae	g__PALSA-600	s__
SPAdes-MetaBAT2Refined-S17.73_sub	d__Bacteria;p__Dormibacterota;c__Dormibacteria;o__UBA8260;f__Bog-877;g__AG-12;s__	d__Bacteria	p__Dormibacterota	c__Dormibacteria	o__UBA8260	f__Bog-877	g__AG-12	s__
SPAdes-MetaBAT2Refined-S17.76	d__Bacteria;p__Acidobacteriota;c__Acidobacteriae;o__Acidobacteriales;f__Acidobacteriaceae;g__PALSA-350;s__	d__Bacteria	p__Acidobacteriota	c__Acidobacteriae	o__Acidobacteriales	f__Acidobacteriaceae	g__PALSA-350	s__
SPAdes-MetaBAT2Refined-S17.79	d__Bacteria;p__Planctomycetota;c__Planctomycetes;o__Isosphaerales;f__Isosphaeraceae;g__;s__	d__Bacteria	p__Planctomycetota	c__Planctomycetes	o__Isosphaerales	f__Isosphaeraceae	g__	s__
SPAdes-MetaBAT2Refined-S17.84_sub	d__Bacteria;p__Actinobacteriota;c__Acidimicrobiia;o__Acidimicrobiales;f__Palsa-688;g__;s__	d__Bacteria	p__Actinobacteriota	c__Acidimicrobiia	o__Acidimicrobiales	f__Palsa-688	g__	s__
SPAdes-MetaBAT2Refined-S17.86	d__Bacteria;p__Acidobacteriota;c__Acidobacteriae;o__Acidobacteriales;f__Acidobacteriaceae;g__;s__	d__Bacteria	p__Acidobacteriota	c__Acidobacteriae	o__Acidobacteriales	f__Acidobacteriaceae	g__	s__
SPAdes-MetaBAT2Refined-S17.87_sub	d__Bacteria;p__Actinobacteriota;c__Actinomycetia;o__Mycobacteriales;f__CAJCIY01;g__;s__	d__Bacteria	p__Actinobacteriota	c__Actinomycetia	o__Mycobacteriales	f__CAJCIY01	g__	s__
SPAdes-MetaBAT2Refined-S17.88	d__Bacteria;p__Eremiobacterota;c__Eremiobacteria;o__Baltobacterales;f__Baltobacteraceae;g__JABEUX01;s__	d__Bacteria	p__Eremiobacterota	c__Eremiobacteria	o__Baltobacterales	f__Baltobacteraceae	g__JABEUX01	s__
SPAdes-MetaBAT2Refined-S17.90_sub	d__Bacteria;p__Actinobacteriota;c__Acidimicrobiia;o__Acidimicrobiales;f__Palsa-688;g__PALSA-688;s__	d__Bacteria	p__Actinobacteriota	c__Acidimicrobiia	o__Acidimicrobiales	f__Palsa-688	g__PALSA-688	s__
SPAdes-MetaBAT2Refined-S17.91	d__Bacteria;p__Chloroflexota;c__UBA4733;o__UBA4733;f__UBA4733;g__UBA4733;s__	d__Bacteria	p__Chloroflexota	c__UBA4733	o__UBA4733	f__UBA4733	g__UBA4733	s__
SPAdes-MetaBAT2Refined-S17.92	d__Bacteria;p__Chloroflexota;c__Ktedonobacteria;o__Ktedonobacterales;f__;g__;s__	d__Bacteria	p__Chloroflexota	c__Ktedonobacteria	o__Ktedonobacterales	f__	g__	s__
SPAdes-MetaBAT2Refined-S17.94	d__Bacteria;p__Acidobacteriota;c__Acidobacteriae;o__Acidobacteriales;f__Acidobacteriaceae;g__Terracidiphilus;s__	d__Bacteria	p__Acidobacteriota	c__Acidobacteriae	o__Acidobacteriales	f__Acidobacteriaceae	g__Terracidiphilus	s__
SPAdes-MetaBAT2Refined-S17.95_sub	d__Bacteria;p__Desulfobacterota_B;c__Binatia;o__Binatales;f__Binataceae;g__;s__	d__Bacteria	p__Desulfobacterota_B	c__Binatia	o__Binatales	f__Binataceae	g__	s__
SPAdes-MetaBAT2Refined-S17.96_sub	d__Bacteria;p__Actinobacteriota;c__Acidimicrobiia;o__Acidimicrobiales;f__Palsa-688;g__;s__	d__Bacteria	p__Actinobacteriota	c__Acidimicrobiia	o__Acidimicrobiales	f__Palsa-688	g__	s__
